production_id,equipment_id,fuel_type_id,weather_id,site_id,energy_output,fuel_consumed,equipment_name,equipment_type,fuel_name,energy_content,emission_factor,temperature,humidity,wind_speed,site_name,region,country,datetime
1,4,3,10,3,4817.995724,480.8314188,Equipment 4,Generator,Petroleum Coke,34.67405246,0.628844464,23.29980525,83.96999695,2.68866794,PLTG Muara Karang,West,Indonesia,1/8/2024 3:38
2,9,2,9,3,9197.883299,412.1856635,Equipment 9,Turbine,Natural Gas,30.35209643,0.733159032,25.25744984,43.77656014,10.59464173,PLTG Muara Karang,West,Indonesia,1/22/2024 11:11
3,4,3,6,4,6122.660062,246.1206996,Equipment 4,Generator,Petroleum Coke,34.67405246,0.628844464,20.32508908,72.41906487,14.73445605,PLTS Likupang,West,Indonesia,1/22/2024 2:28
4,9,3,10,3,2790.6609,255.1000692,Equipment 9,Turbine,Petroleum Coke,34.67405246,0.628844464,23.29980525,83.96999695,2.68866794,PLTG Muara Karang,West,Indonesia,1/5/2024 1:24
5,9,4,2,2,4527.203243,95.0751473,Equipment 9,Turbine,Biomass,19.34249343,0.51559958,33.02295257,64.36260254,12.84336443,PLTA Cirata,West,Indonesia,1/25/2024 11:16
6,7,3,7,3,3498.057891,407.6324767,Equipment 7,Boiler,Petroleum Coke,34.67405246,0.628844464,20.44543734,46.63589773,4.505493737,PLTG Muara Karang,West,Indonesia,1/6/2024 1:54
7,8,1,2,4,6235.554815,50.00047312,Equipment 8,Turbine,Coal,35.5890588,0.509945836,33.02295257,64.36260254,12.84336443,PLTS Likupang,West,Indonesia,1/21/2024 19:59
8,2,2,5,4,8903.633951,244.9051116,Equipment 2,Generator,Natural Gas,30.35209643,0.733159032,24.88234534,72.41216997,12.69451753,PLTS Likupang,West,Indonesia,1/6/2024 2:24
9,4,5,5,4,4586.654034,227.9646101,Equipment 4,Generator,Solar,23.32359987,0.62596753,24.88234534,72.41216997,12.69451753,PLTS Likupang,West,Indonesia,1/27/2024 17:10
10,9,3,7,4,5191.81135,220.0369634,Equipment 9,Turbine,Petroleum Coke,34.67405246,0.628844464,20.44543734,46.63589773,4.505493737,PLTS Likupang,West,Indonesia,1/18/2024 10:01
11,10,2,10,3,3601.415282,358.0581662,Equipment 10,Turbine,Natural Gas,30.35209643,0.733159032,23.29980525,83.96999695,2.68866794,PLTG Muara Karang,West,Indonesia,1/11/2024 11:19
12,9,5,3,1,7467.379297,360.7998644,Equipment 9,Turbine,Solar,23.32359987,0.62596753,28.47191247,58.94954615,1.81848381,PLTU Suralaya,North,Indonesia,1/23/2024 18:41
13,10,2,10,5,8389.978887,296.515316,Equipment 10,Turbine,Natural Gas,30.35209643,0.733159032,23.29980525,83.96999695,2.68866794,PLTB Sidrap,North,Indonesia,1/27/2024 22:29
14,1,4,5,3,8072.603955,192.8904993,Equipment 1,Generator,Biomass,19.34249343,0.51559958,24.88234534,72.41216997,12.69451753,PLTG Muara Karang,West,Indonesia,1/5/2024 10:04
15,4,1,8,5,1554.199393,323.3129028,Equipment 4,Generator,Coal,35.5890588,0.509945836,28.36380726,53.05013149,2.564092111,PLTB Sidrap,North,Indonesia,1/30/2024 7:38
16,7,5,1,3,4871.916537,308.8032919,Equipment 7,Boiler,Solar,23.32359987,0.62596753,33.1822624,63.08759283,3.019839462,PLTG Muara Karang,West,Indonesia,1/15/2024 2:15
17,4,4,4,1,9506.503575,359.5330855,Equipment 4,Generator,Biomass,19.34249343,0.51559958,27.77553276,78.22146849,9.084799811,PLTU Suralaya,North,Indonesia,1/10/2024 12:20
18,3,2,3,1,2739.897426,189.2909216,Equipment 3,Turbine,Natural Gas,30.35209643,0.733159032,28.47191247,58.94954615,1.81848381,PLTU Suralaya,North,Indonesia,1/6/2024 7:41
19,1,1,9,3,6634.567815,404.7193613,Equipment 1,Generator,Coal,35.5890588,0.509945836,25.25744984,43.77656014,10.59464173,PLTG Muara Karang,West,Indonesia,1/29/2024 19:12
20,1,4,8,2,2836.25412,404.0615515,Equipment 1,Generator,Biomass,19.34249343,0.51559958,28.36380726,53.05013149,2.564092111,PLTA Cirata,West,Indonesia,1/13/2024 9:31
21,7,2,4,3,5300.259062,227.3306574,Equipment 7,Boiler,Natural Gas,30.35209643,0.733159032,27.77553276,78.22146849,9.084799811,PLTG Muara Karang,West,Indonesia,1/15/2024 17:44
22,2,3,4,1,1092.389219,148.3454202,Equipment 2,Generator,Petroleum Coke,34.67405246,0.628844464,27.77553276,78.22146849,9.084799811,PLTU Suralaya,North,Indonesia,1/4/2024 12:10
23,10,5,7,3,1762.251276,423.3828912,Equipment 10,Turbine,Solar,23.32359987,0.62596753,20.44543734,46.63589773,4.505493737,PLTG Muara Karang,West,Indonesia,1/23/2024 10:29
24,9,3,10,2,9853.024484,155.1624891,Equipment 9,Turbine,Petroleum Coke,34.67405246,0.628844464,23.29980525,83.96999695,2.68866794,PLTA Cirata,West,Indonesia,1/4/2024 21:44
25,3,4,8,3,8618.090898,260.2698727,Equipment 3,Turbine,Biomass,19.34249343,0.51559958,28.36380726,53.05013149,2.564092111,PLTG Muara Karang,West,Indonesia,1/20/2024 20:02
26,9,1,6,1,3313.486925,469.3561766,Equipment 9,Turbine,Coal,35.5890588,0.509945836,20.32508908,72.41906487,14.73445605,PLTU Suralaya,North,Indonesia,1/19/2024 17:08
27,1,4,9,1,5521.045065,380.8570412,Equipment 1,Generator,Biomass,19.34249343,0.51559958,25.25744984,43.77656014,10.59464173,PLTU Suralaya,North,Indonesia,1/1/2024 9:50
28,2,2,5,1,8800.916112,241.9759079,Equipment 2,Generator,Natural Gas,30.35209643,0.733159032,24.88234534,72.41216997,12.69451753,PLTU Suralaya,North,Indonesia,1/17/2024 9:07
29,2,3,6,1,3434.788821,274.5087871,Equipment 2,Generator,Petroleum Coke,34.67405246,0.628844464,20.32508908,72.41906487,14.73445605,PLTU Suralaya,North,Indonesia,1/9/2024 22:38
30,10,5,5,2,5305.648678,467.8691329,Equipment 10,Turbine,Solar,23.32359987,0.62596753,24.88234534,72.41216997,12.69451753,PLTA Cirata,West,Indonesia,1/13/2024 5:33
31,6,5,6,1,2158.634215,436.6300528,Equipment 6,Generator,Solar,23.32359987,0.62596753,20.32508908,72.41906487,14.73445605,PLTU Suralaya,North,Indonesia,1/8/2024 3:13
32,4,3,8,4,9124.164856,263.6810943,Equipment 4,Generator,Petroleum Coke,34.67405246,0.628844464,28.36380726,53.05013149,2.564092111,PLTS Likupang,West,Indonesia,1/16/2024 13:10
33,9,5,3,2,3749.031022,192.1704939,Equipment 9,Turbine,Solar,23.32359987,0.62596753,28.47191247,58.94954615,1.81848381,PLTA Cirata,West,Indonesia,1/24/2024 21:52
34,5,3,5,3,4569.997348,476.9911861,Equipment 5,Turbine,Petroleum Coke,34.67405246,0.628844464,24.88234534,72.41216997,12.69451753,PLTG Muara Karang,West,Indonesia,1/22/2024 13:05
35,10,2,5,1,9195.763949,482.5221563,Equipment 10,Turbine,Natural Gas,30.35209643,0.733159032,24.88234534,72.41216997,12.69451753,PLTU Suralaya,North,Indonesia,1/9/2024 19:11
36,6,4,3,1,5986.148081,375.093069,Equipment 6,Generator,Biomass,19.34249343,0.51559958,28.47191247,58.94954615,1.81848381,PLTU Suralaya,North,Indonesia,1/3/2024 5:32
37,1,2,10,1,8329.156575,69.92046108,Equipment 1,Generator,Natural Gas,30.35209643,0.733159032,23.29980525,83.96999695,2.68866794,PLTU Suralaya,North,Indonesia,1/1/2024 5:24
38,2,3,3,5,9885.419639,352.9736819,Equipment 2,Generator,Petroleum Coke,34.67405246,0.628844464,28.47191247,58.94954615,1.81848381,PLTB Sidrap,North,Indonesia,1/8/2024 23:39
39,1,3,2,2,9150.174767,459.9581883,Equipment 1,Generator,Petroleum Coke,34.67405246,0.628844464,33.02295257,64.36260254,12.84336443,PLTA Cirata,West,Indonesia,1/13/2024 18:44
40,4,1,7,4,8076.593201,127.9372446,Equipment 4,Generator,Coal,35.5890588,0.509945836,20.44543734,46.63589773,4.505493737,PLTS Likupang,West,Indonesia,1/6/2024 1:52
41,6,5,2,2,3137.081381,137.7569492,Equipment 6,Generator,Solar,23.32359987,0.62596753,33.02295257,64.36260254,12.84336443,PLTA Cirata,West,Indonesia,1/18/2024 6:34
42,10,3,3,2,6343.359736,258.5012385,Equipment 10,Turbine,Petroleum Coke,34.67405246,0.628844464,28.47191247,58.94954615,1.81848381,PLTA Cirata,West,Indonesia,1/22/2024 20:23
43,10,5,9,5,1857.871659,147.9347027,Equipment 10,Turbine,Solar,23.32359987,0.62596753,25.25744984,43.77656014,10.59464173,PLTB Sidrap,North,Indonesia,1/26/2024 14:04
44,6,5,8,3,6288.374687,98.97974075,Equipment 6,Generator,Solar,23.32359987,0.62596753,28.36380726,53.05013149,2.564092111,PLTG Muara Karang,West,Indonesia,1/3/2024 0:45
45,6,2,1,3,6563.324209,367.6450105,Equipment 6,Generator,Natural Gas,30.35209643,0.733159032,33.1822624,63.08759283,3.019839462,PLTG Muara Karang,West,Indonesia,1/1/2024 14:20
46,7,2,2,3,5628.842123,66.6031191,Equipment 7,Boiler,Natural Gas,30.35209643,0.733159032,33.02295257,64.36260254,12.84336443,PLTG Muara Karang,West,Indonesia,1/17/2024 2:05
47,6,5,8,2,7101.737253,152.298383,Equipment 6,Generator,Solar,23.32359987,0.62596753,28.36380726,53.05013149,2.564092111,PLTA Cirata,West,Indonesia,1/13/2024 3:28
48,3,1,4,1,6142.620992,192.5013077,Equipment 3,Turbine,Coal,35.5890588,0.509945836,27.77553276,78.22146849,9.084799811,PLTU Suralaya,North,Indonesia,1/7/2024 21:30
49,2,5,9,4,4448.945925,486.8402646,Equipment 2,Generator,Solar,23.32359987,0.62596753,25.25744984,43.77656014,10.59464173,PLTS Likupang,West,Indonesia,1/22/2024 21:27
50,5,5,4,1,5741.907128,100.7639976,Equipment 5,Turbine,Solar,23.32359987,0.62596753,27.77553276,78.22146849,9.084799811,PLTU Suralaya,North,Indonesia,1/23/2024 1:19
51,4,3,5,4,7120.3904,322.2172438,Equipment 4,Generator,Petroleum Coke,34.67405246,0.628844464,24.88234534,72.41216997,12.69451753,PLTS Likupang,West,Indonesia,1/16/2024 20:10
52,4,2,8,3,3607.569833,142.9146751,Equipment 4,Generator,Natural Gas,30.35209643,0.733159032,28.36380726,53.05013149,2.564092111,PLTG Muara Karang,West,Indonesia,1/15/2024 7:19
53,5,3,5,4,2844.134458,332.4867321,Equipment 5,Turbine,Petroleum Coke,34.67405246,0.628844464,24.88234534,72.41216997,12.69451753,PLTS Likupang,West,Indonesia,1/17/2024 10:20
54,3,5,7,1,5466.347445,188.7027868,Equipment 3,Turbine,Solar,23.32359987,0.62596753,20.44543734,46.63589773,4.505493737,PLTU Suralaya,North,Indonesia,1/5/2024 20:21
55,10,4,6,5,7507.889016,253.6093723,Equipment 10,Turbine,Biomass,19.34249343,0.51559958,20.32508908,72.41906487,14.73445605,PLTB Sidrap,North,Indonesia,1/22/2024 10:48
56,2,1,8,3,5709.996416,280.0196854,Equipment 2,Generator,Coal,35.5890588,0.509945836,28.36380726,53.05013149,2.564092111,PLTG Muara Karang,West,Indonesia,1/17/2024 14:30
57,2,3,10,4,9613.351478,430.6875442,Equipment 2,Generator,Petroleum Coke,34.67405246,0.628844464,23.29980525,83.96999695,2.68866794,PLTS Likupang,West,Indonesia,1/9/2024 20:16
58,2,5,2,5,8426.191998,175.0414103,Equipment 2,Generator,Solar,23.32359987,0.62596753,33.02295257,64.36260254,12.84336443,PLTB Sidrap,North,Indonesia,1/14/2024 5:41
59,4,1,8,5,6783.233025,410.8111137,Equipment 4,Generator,Coal,35.5890588,0.509945836,28.36380726,53.05013149,2.564092111,PLTB Sidrap,North,Indonesia,1/19/2024 7:16
60,9,3,8,5,5121.216415,154.8885039,Equipment 9,Turbine,Petroleum Coke,34.67405246,0.628844464,28.36380726,53.05013149,2.564092111,PLTB Sidrap,North,Indonesia,1/22/2024 2:14
61,3,4,4,2,5614.984998,247.4031793,Equipment 3,Turbine,Biomass,19.34249343,0.51559958,27.77553276,78.22146849,9.084799811,PLTA Cirata,West,Indonesia,1/12/2024 1:34
62,2,5,5,1,3192.123141,463.351824,Equipment 2,Generator,Solar,23.32359987,0.62596753,24.88234534,72.41216997,12.69451753,PLTU Suralaya,North,Indonesia,1/26/2024 12:12
63,9,4,5,1,5024.61028,279.7825958,Equipment 9,Turbine,Biomass,19.34249343,0.51559958,24.88234534,72.41216997,12.69451753,PLTU Suralaya,North,Indonesia,1/29/2024 18:22
64,10,4,3,5,3842.473497,221.8540361,Equipment 10,Turbine,Biomass,19.34249343,0.51559958,28.47191247,58.94954615,1.81848381,PLTB Sidrap,North,Indonesia,1/21/2024 13:39
65,6,1,10,3,9119.358397,358.0483221,Equipment 6,Generator,Coal,35.5890588,0.509945836,23.29980525,83.96999695,2.68866794,PLTG Muara Karang,West,Indonesia,1/25/2024 19:23
66,3,5,9,1,2343.387501,75.03587326,Equipment 3,Turbine,Solar,23.32359987,0.62596753,25.25744984,43.77656014,10.59464173,PLTU Suralaya,North,Indonesia,1/11/2024 11:04
67,6,1,4,3,3677.554005,463.8720573,Equipment 6,Generator,Coal,35.5890588,0.509945836,27.77553276,78.22146849,9.084799811,PLTG Muara Karang,West,Indonesia,1/26/2024 11:17
68,10,2,5,5,4336.646685,446.678852,Equipment 10,Turbine,Natural Gas,30.35209643,0.733159032,24.88234534,72.41216997,12.69451753,PLTB Sidrap,North,Indonesia,1/24/2024 23:36
69,1,2,5,2,4900.998218,465.976395,Equipment 1,Generator,Natural Gas,30.35209643,0.733159032,24.88234534,72.41216997,12.69451753,PLTA Cirata,West,Indonesia,1/15/2024 21:40
70,7,5,5,4,7085.150997,392.0306253,Equipment 7,Boiler,Solar,23.32359987,0.62596753,24.88234534,72.41216997,12.69451753,PLTS Likupang,West,Indonesia,1/18/2024 23:54
71,2,1,6,2,5172.949609,491.1427318,Equipment 2,Generator,Coal,35.5890588,0.509945836,20.32508908,72.41906487,14.73445605,PLTA Cirata,West,Indonesia,1/24/2024 4:20
72,6,2,7,4,4637.041313,456.9623605,Equipment 6,Generator,Natural Gas,30.35209643,0.733159032,20.44543734,46.63589773,4.505493737,PLTS Likupang,West,Indonesia,1/16/2024 1:53
73,1,3,3,4,5971.226986,311.1550386,Equipment 1,Generator,Petroleum Coke,34.67405246,0.628844464,28.47191247,58.94954615,1.81848381,PLTS Likupang,West,Indonesia,1/25/2024 8:57
74,8,5,9,4,6786.39198,193.0586959,Equipment 8,Turbine,Solar,23.32359987,0.62596753,25.25744984,43.77656014,10.59464173,PLTS Likupang,West,Indonesia,1/28/2024 1:39
75,8,3,5,1,7101.799264,272.8892442,Equipment 8,Turbine,Petroleum Coke,34.67405246,0.628844464,24.88234534,72.41216997,12.69451753,PLTU Suralaya,North,Indonesia,1/9/2024 14:54
76,4,3,3,1,8544.75236,57.05727157,Equipment 4,Generator,Petroleum Coke,34.67405246,0.628844464,28.47191247,58.94954615,1.81848381,PLTU Suralaya,North,Indonesia,1/5/2024 9:46
77,9,2,7,1,2698.768738,318.1035623,Equipment 9,Turbine,Natural Gas,30.35209643,0.733159032,20.44543734,46.63589773,4.505493737,PLTU Suralaya,North,Indonesia,1/22/2024 3:18
78,2,1,2,1,1688.070622,72.63490359,Equipment 2,Generator,Coal,35.5890588,0.509945836,33.02295257,64.36260254,12.84336443,PLTU Suralaya,North,Indonesia,1/2/2024 4:07
79,3,1,7,4,8545.812147,217.1480188,Equipment 3,Turbine,Coal,35.5890588,0.509945836,20.44543734,46.63589773,4.505493737,PLTS Likupang,West,Indonesia,1/6/2024 22:00
80,4,2,6,1,7591.365836,207.4371524,Equipment 4,Generator,Natural Gas,30.35209643,0.733159032,20.32508908,72.41906487,14.73445605,PLTU Suralaya,North,Indonesia,1/14/2024 9:01
81,6,4,2,3,2695.715111,328.8480494,Equipment 6,Generator,Biomass,19.34249343,0.51559958,33.02295257,64.36260254,12.84336443,PLTG Muara Karang,West,Indonesia,1/24/2024 16:59
82,6,2,7,5,2157.176799,100.1057461,Equipment 6,Generator,Natural Gas,30.35209643,0.733159032,20.44543734,46.63589773,4.505493737,PLTB Sidrap,North,Indonesia,1/29/2024 1:57
83,7,4,5,3,4595.237706,301.1983117,Equipment 7,Boiler,Biomass,19.34249343,0.51559958,24.88234534,72.41216997,12.69451753,PLTG Muara Karang,West,Indonesia,1/23/2024 13:02
84,3,1,10,3,8531.675456,68.37814888,Equipment 3,Turbine,Coal,35.5890588,0.509945836,23.29980525,83.96999695,2.68866794,PLTG Muara Karang,West,Indonesia,1/18/2024 20:38
85,10,5,4,1,1188.230539,170.6721276,Equipment 10,Turbine,Solar,23.32359987,0.62596753,27.77553276,78.22146849,9.084799811,PLTU Suralaya,North,Indonesia,1/7/2024 6:30
86,7,2,5,2,7048.943154,352.8947775,Equipment 7,Boiler,Natural Gas,30.35209643,0.733159032,24.88234534,72.41216997,12.69451753,PLTA Cirata,West,Indonesia,1/30/2024 7:13
87,4,3,2,5,3893.721223,484.43418,Equipment 4,Generator,Petroleum Coke,34.67405246,0.628844464,33.02295257,64.36260254,12.84336443,PLTB Sidrap,North,Indonesia,1/11/2024 5:10
88,1,2,3,4,5782.926291,294.6569773,Equipment 1,Generator,Natural Gas,30.35209643,0.733159032,28.47191247,58.94954615,1.81848381,PLTS Likupang,West,Indonesia,1/14/2024 10:29
89,2,2,3,5,9715.929726,133.6433546,Equipment 2,Generator,Natural Gas,30.35209643,0.733159032,28.47191247,58.94954615,1.81848381,PLTB Sidrap,North,Indonesia,1/9/2024 14:49
90,1,2,5,4,9271.315897,431.6673194,Equipment 1,Generator,Natural Gas,30.35209643,0.733159032,24.88234534,72.41216997,12.69451753,PLTS Likupang,West,Indonesia,1/11/2024 19:48
91,9,2,10,2,5760.395763,76.33380986,Equipment 9,Turbine,Natural Gas,30.35209643,0.733159032,23.29980525,83.96999695,2.68866794,PLTA Cirata,West,Indonesia,1/27/2024 15:59
92,5,4,6,4,8612.164228,153.8812428,Equipment 5,Turbine,Biomass,19.34249343,0.51559958,20.32508908,72.41906487,14.73445605,PLTS Likupang,West,Indonesia,1/26/2024 15:15
93,9,3,2,3,6476.415386,114.1522094,Equipment 9,Turbine,Petroleum Coke,34.67405246,0.628844464,33.02295257,64.36260254,12.84336443,PLTG Muara Karang,West,Indonesia,1/10/2024 3:00
94,3,1,6,2,5616.893914,256.5601184,Equipment 3,Turbine,Coal,35.5890588,0.509945836,20.32508908,72.41906487,14.73445605,PLTA Cirata,West,Indonesia,1/29/2024 11:16
95,7,4,2,3,8796.860242,215.9493712,Equipment 7,Boiler,Biomass,19.34249343,0.51559958,33.02295257,64.36260254,12.84336443,PLTG Muara Karang,West,Indonesia,1/15/2024 16:00
96,1,1,7,4,9844.926738,194.0915805,Equipment 1,Generator,Coal,35.5890588,0.509945836,20.44543734,46.63589773,4.505493737,PLTS Likupang,West,Indonesia,1/26/2024 6:59
97,2,3,6,3,2133.421297,474.6371232,Equipment 2,Generator,Petroleum Coke,34.67405246,0.628844464,20.32508908,72.41906487,14.73445605,PLTG Muara Karang,West,Indonesia,1/19/2024 14:32
98,3,5,9,2,9384.023004,471.8988198,Equipment 3,Turbine,Solar,23.32359987,0.62596753,25.25744984,43.77656014,10.59464173,PLTA Cirata,West,Indonesia,1/2/2024 12:35
99,3,2,1,4,3703.975978,418.9716249,Equipment 3,Turbine,Natural Gas,30.35209643,0.733159032,33.1822624,63.08759283,3.019839462,PLTS Likupang,West,Indonesia,1/9/2024 17:15
100,2,3,8,4,7023.11307,375.3852203,Equipment 2,Generator,Petroleum Coke,34.67405246,0.628844464,28.36380726,53.05013149,2.564092111,PLTS Likupang,West,Indonesia,1/1/2024 14:29
101,1,3,2,1,6368.058909,165.1966188,Equipment 1,Generator,Petroleum Coke,34.67405246,0.628844464,33.02295257,64.36260254,12.84336443,PLTU Suralaya,North,Indonesia,1/5/2024 12:38
102,4,2,3,1,8309.138561,55.12761468,Equipment 4,Generator,Natural Gas,30.35209643,0.733159032,28.47191247,58.94954615,1.81848381,PLTU Suralaya,North,Indonesia,1/26/2024 9:28
103,7,4,9,3,1924.296986,190.0618477,Equipment 7,Boiler,Biomass,19.34249343,0.51559958,25.25744984,43.77656014,10.59464173,PLTG Muara Karang,West,Indonesia,1/5/2024 17:34
104,4,3,1,2,7183.607044,491.3591139,Equipment 4,Generator,Petroleum Coke,34.67405246,0.628844464,33.1822624,63.08759283,3.019839462,PLTA Cirata,West,Indonesia,1/24/2024 2:45
105,8,3,10,1,5258.780518,273.3195041,Equipment 8,Turbine,Petroleum Coke,34.67405246,0.628844464,23.29980525,83.96999695,2.68866794,PLTU Suralaya,North,Indonesia,1/9/2024 13:31
106,6,5,10,1,2737.314276,437.8655291,Equipment 6,Generator,Solar,23.32359987,0.62596753,23.29980525,83.96999695,2.68866794,PLTU Suralaya,North,Indonesia,1/20/2024 19:48
107,1,3,8,1,5172.675079,84.70814945,Equipment 1,Generator,Petroleum Coke,34.67405246,0.628844464,28.36380726,53.05013149,2.564092111,PLTU Suralaya,North,Indonesia,1/9/2024 7:24
108,8,4,2,4,4804.830274,449.7000153,Equipment 8,Turbine,Biomass,19.34249343,0.51559958,33.02295257,64.36260254,12.84336443,PLTS Likupang,West,Indonesia,1/8/2024 8:23
109,8,5,2,2,5855.756495,111.5186592,Equipment 8,Turbine,Solar,23.32359987,0.62596753,33.02295257,64.36260254,12.84336443,PLTA Cirata,West,Indonesia,1/9/2024 18:53
110,7,2,1,5,8953.862827,334.6002594,Equipment 7,Boiler,Natural Gas,30.35209643,0.733159032,33.1822624,63.08759283,3.019839462,PLTB Sidrap,North,Indonesia,1/18/2024 4:01
111,10,2,4,4,6557.38582,106.0845968,Equipment 10,Turbine,Natural Gas,30.35209643,0.733159032,27.77553276,78.22146849,9.084799811,PLTS Likupang,West,Indonesia,1/22/2024 19:17
112,4,3,9,3,7584.426926,384.8895153,Equipment 4,Generator,Petroleum Coke,34.67405246,0.628844464,25.25744984,43.77656014,10.59464173,PLTG Muara Karang,West,Indonesia,1/29/2024 20:58
113,8,1,6,1,9931.451274,492.6592458,Equipment 8,Turbine,Coal,35.5890588,0.509945836,20.32508908,72.41906487,14.73445605,PLTU Suralaya,North,Indonesia,1/24/2024 17:49
114,1,3,10,4,9632.152381,408.2729391,Equipment 1,Generator,Petroleum Coke,34.67405246,0.628844464,23.29980525,83.96999695,2.68866794,PLTS Likupang,West,Indonesia,1/2/2024 13:12
115,8,2,6,1,7840.401416,197.5750882,Equipment 8,Turbine,Natural Gas,30.35209643,0.733159032,20.32508908,72.41906487,14.73445605,PLTU Suralaya,North,Indonesia,1/30/2024 0:17
116,10,1,7,3,4106.170917,78.61316824,Equipment 10,Turbine,Coal,35.5890588,0.509945836,20.44543734,46.63589773,4.505493737,PLTG Muara Karang,West,Indonesia,1/13/2024 15:24
117,8,2,6,1,5680.458072,271.1307969,Equipment 8,Turbine,Natural Gas,30.35209643,0.733159032,20.32508908,72.41906487,14.73445605,PLTU Suralaya,North,Indonesia,1/28/2024 8:12
118,3,3,10,3,9031.29592,257.0951047,Equipment 3,Turbine,Petroleum Coke,34.67405246,0.628844464,23.29980525,83.96999695,2.68866794,PLTG Muara Karang,West,Indonesia,1/1/2024 18:07
119,8,1,2,1,2542.504784,314.2639238,Equipment 8,Turbine,Coal,35.5890588,0.509945836,33.02295257,64.36260254,12.84336443,PLTU Suralaya,North,Indonesia,1/22/2024 5:46
120,4,2,8,5,8791.093612,425.4591155,Equipment 4,Generator,Natural Gas,30.35209643,0.733159032,28.36380726,53.05013149,2.564092111,PLTB Sidrap,North,Indonesia,1/23/2024 8:11
121,9,4,3,2,2196.973691,114.9020808,Equipment 9,Turbine,Biomass,19.34249343,0.51559958,28.47191247,58.94954615,1.81848381,PLTA Cirata,West,Indonesia,1/11/2024 20:10
122,5,4,9,4,2453.522993,426.5104844,Equipment 5,Turbine,Biomass,19.34249343,0.51559958,25.25744984,43.77656014,10.59464173,PLTS Likupang,West,Indonesia,1/21/2024 19:21
123,5,4,6,3,4542.3538,54.54664612,Equipment 5,Turbine,Biomass,19.34249343,0.51559958,20.32508908,72.41906487,14.73445605,PLTG Muara Karang,West,Indonesia,1/16/2024 17:16
124,1,4,4,3,9702.299817,402.7963738,Equipment 1,Generator,Biomass,19.34249343,0.51559958,27.77553276,78.22146849,9.084799811,PLTG Muara Karang,West,Indonesia,1/29/2024 22:52
125,6,3,9,5,7150.366961,111.3408982,Equipment 6,Generator,Petroleum Coke,34.67405246,0.628844464,25.25744984,43.77656014,10.59464173,PLTB Sidrap,North,Indonesia,1/13/2024 5:15
126,6,4,6,3,9505.27969,247.5940334,Equipment 6,Generator,Biomass,19.34249343,0.51559958,20.32508908,72.41906487,14.73445605,PLTG Muara Karang,West,Indonesia,1/24/2024 0:10
127,7,2,4,1,5993.430747,411.3194933,Equipment 7,Boiler,Natural Gas,30.35209643,0.733159032,27.77553276,78.22146849,9.084799811,PLTU Suralaya,North,Indonesia,1/4/2024 21:03
128,10,3,5,2,1832.290242,177.7842168,Equipment 10,Turbine,Petroleum Liquids,34.67405246,0.628844464,24.88234534,72.41216997,12.69451753,PLTA Cirata,West,Indonesia,1/9/2024 7:47
129,9,1,8,3,4668.846069,231.0078193,Equipment 9,Turbine,Coal,35.5890588,0.509945836,28.36380726,53.05013149,2.564092111,PLTG Muara Karang,West,Indonesia,1/14/2024 19:28
130,10,5,7,5,7200.901405,384.4785299,Equipment 10,Turbine,Solar,23.32359987,0.62596753,20.44543734,46.63589773,4.505493737,PLTB Sidrap,North,Indonesia,1/15/2024 14:56
131,10,1,9,4,9460.754667,126.8780081,Equipment 10,Turbine,Coal,35.5890588,0.509945836,25.25744984,43.77656014,10.59464173,PLTS Likupang,West,Indonesia,1/9/2024 18:03
132,4,4,4,1,5094.879305,54.21713159,Equipment 4,Generator,Biomass,19.34249343,0.51559958,27.77553276,78.22146849,9.084799811,PLTU Suralaya,North,Indonesia,1/4/2024 13:43
133,6,4,9,3,6023.540213,232.4871868,Equipment 6,Generator,Biomass,19.34249343,0.51559958,25.25744984,43.77656014,10.59464173,PLTG Muara Karang,West,Indonesia,1/28/2024 9:05
134,9,2,2,1,5272.072514,479.3883083,Equipment 9,Turbine,Natural Gas,30.35209643,0.733159032,33.02295257,64.36260254,12.84336443,PLTU Suralaya,North,Indonesia,1/13/2024 3:28
135,4,1,6,3,5771.514214,194.9324894,Equipment 4,Generator,Coal,35.5890588,0.509945836,20.32508908,72.41906487,14.73445605,PLTG Muara Karang,West,Indonesia,1/2/2024 12:58
136,3,2,10,2,2593.589181,105.8505626,Equipment 3,Turbine,Natural Gas,30.35209643,0.733159032,23.29980525,83.96999695,2.68866794,PLTA Cirata,West,Indonesia,1/25/2024 5:36
137,2,1,4,5,6041.538691,132.4179983,Equipment 2,Generator,Coal,35.5890588,0.509945836,27.77553276,78.22146849,9.084799811,PLTB Sidrap,North,Indonesia,1/4/2024 6:08
138,5,5,2,5,9594.291722,253.0722877,Equipment 5,Turbine,Solar,23.32359987,0.62596753,33.02295257,64.36260254,12.84336443,PLTB Sidrap,North,Indonesia,1/6/2024 4:43
139,3,2,2,4,1916.564113,105.8428179,Equipment 3,Turbine,Natural Gas,30.35209643,0.733159032,33.02295257,64.36260254,12.84336443,PLTS Likupang,West,Indonesia,1/20/2024 5:03
140,8,5,2,1,6115.57231,160.4737687,Equipment 8,Turbine,Solar,23.32359987,0.62596753,33.02295257,64.36260254,12.84336443,PLTU Suralaya,North,Indonesia,1/29/2024 7:21
141,5,3,7,5,7211.513178,87.34991233,Equipment 5,Turbine,Petroleum Liquids,34.67405246,0.628844464,20.44543734,46.63589773,4.505493737,PLTB Sidrap,North,Indonesia,1/1/2024 5:50
142,7,3,8,2,2016.411538,403.2725609,Equipment 7,Boiler,Petroleum Liquids,34.67405246,0.628844464,28.36380726,53.05013149,2.564092111,PLTA Cirata,West,Indonesia,1/1/2024 6:39
143,10,2,2,2,9611.985458,164.1295594,Equipment 10,Turbine,Natural Gas,30.35209643,0.733159032,33.02295257,64.36260254,12.84336443,PLTA Cirata,West,Indonesia,1/7/2024 20:34
144,1,1,7,1,8571.03551,189.6304548,Equipment 1,Generator,Coal,35.5890588,0.509945836,20.44543734,46.63589773,4.505493737,PLTU Suralaya,North,Indonesia,1/7/2024 8:47
145,3,5,8,3,5899.450633,495.570416,Equipment 3,Turbine,Solar,23.32359987,0.62596753,28.36380726,53.05013149,2.564092111,PLTG Muara Karang,West,Indonesia,1/16/2024 12:08
146,8,4,9,4,6692.328936,433.6631604,Equipment 8,Turbine,Biomass,19.34249343,0.51559958,25.25744984,43.77656014,10.59464173,PLTS Likupang,West,Indonesia,1/7/2024 0:47
147,1,1,9,5,5143.833372,295.1641255,Equipment 1,Generator,Coal,35.5890588,0.509945836,25.25744984,43.77656014,10.59464173,PLTB Sidrap,North,Indonesia,1/21/2024 0:38
148,10,4,3,5,6716.790097,152.8125424,Equipment 10,Turbine,Biomass,19.34249343,0.51559958,28.47191247,58.94954615,1.81848381,PLTB Sidrap,North,Indonesia,1/14/2024 0:06
149,10,5,6,1,9588.528638,75.67145389,Equipment 10,Turbine,Solar,23.32359987,0.62596753,20.32508908,72.41906487,14.73445605,PLTU Suralaya,North,Indonesia,1/15/2024 4:21
150,4,4,1,1,7328.043648,287.5234141,Equipment 4,Generator,Biomass,19.34249343,0.51559958,33.1822624,63.08759283,3.019839462,PLTU Suralaya,North,Indonesia,1/23/2024 10:15
151,5,4,6,3,2760.748093,171.3516703,Equipment 5,Turbine,Biomass,19.34249343,0.51559958,20.32508908,72.41906487,14.73445605,PLTG Muara Karang,West,Indonesia,1/4/2024 17:13
152,1,1,6,1,9861.753926,487.4856817,Equipment 1,Generator,Coal,35.5890588,0.509945836,20.32508908,72.41906487,14.73445605,PLTU Suralaya,North,Indonesia,1/30/2024 13:21
153,10,3,9,3,3719.785706,152.9829204,Equipment 10,Turbine,Petroleum Liquids,34.67405246,0.628844464,25.25744984,43.77656014,10.59464173,PLTG Muara Karang,West,Indonesia,1/11/2024 10:00
154,5,1,5,5,3257.158435,150.2714884,Equipment 5,Turbine,Coal,35.5890588,0.509945836,24.88234534,72.41216997,12.69451753,PLTB Sidrap,North,Indonesia,1/8/2024 21:29
155,6,1,2,4,7913.594265,330.4852326,Equipment 6,Generator,Coal,35.5890588,0.509945836,33.02295257,64.36260254,12.84336443,PLTS Likupang,West,Indonesia,1/10/2024 14:22
156,9,4,7,2,3094.002324,282.9669312,Equipment 9,Turbine,Biomass,19.34249343,0.51559958,20.44543734,46.63589773,4.505493737,PLTA Cirata,West,Indonesia,1/21/2024 14:22
157,4,4,2,2,5088.953846,311.163361,Equipment 4,Generator,Biomass,19.34249343,0.51559958,33.02295257,64.36260254,12.84336443,PLTA Cirata,West,Indonesia,1/19/2024 16:33
158,1,3,3,2,1357.597504,75.22072404,Equipment 1,Generator,Petroleum Liquids,34.67405246,0.628844464,28.47191247,58.94954615,1.81848381,PLTA Cirata,West,Indonesia,1/24/2024 1:25
159,9,5,1,4,1207.425212,347.6344464,Equipment 9,Turbine,Solar,23.32359987,0.62596753,33.1822624,63.08759283,3.019839462,PLTS Likupang,West,Indonesia,1/20/2024 19:29
160,6,5,3,1,5724.829969,174.0203314,Equipment 6,Generator,Solar,23.32359987,0.62596753,28.47191247,58.94954615,1.81848381,PLTU Suralaya,North,Indonesia,1/1/2024 20:20
161,2,2,9,4,9297.158892,100.9179044,Equipment 2,Generator,Natural Gas,30.35209643,0.733159032,25.25744984,43.77656014,10.59464173,PLTS Likupang,West,Indonesia,1/7/2024 10:06
162,2,3,7,4,2243.502022,398.0932415,Equipment 2,Generator,Petroleum Liquids,34.67405246,0.628844464,20.44543734,46.63589773,4.505493737,PLTS Likupang,West,Indonesia,1/19/2024 22:02
163,3,1,3,1,6873.705465,375.5675685,Equipment 3,Turbine,Coal,35.5890588,0.509945836,28.47191247,58.94954615,1.81848381,PLTU Suralaya,North,Indonesia,1/14/2024 3:21
164,6,1,9,2,2033.98313,476.9758405,Equipment 6,Generator,Coal,35.5890588,0.509945836,25.25744984,43.77656014,10.59464173,PLTA Cirata,West,Indonesia,1/16/2024 22:30
165,5,4,7,2,1440.764168,394.5487058,Equipment 5,Turbine,Biomass,19.34249343,0.51559958,20.44543734,46.63589773,4.505493737,PLTA Cirata,West,Indonesia,1/4/2024 6:20
166,2,1,6,2,4866.162122,97.06665824,Equipment 2,Generator,Coal,35.5890588,0.509945836,20.32508908,72.41906487,14.73445605,PLTA Cirata,West,Indonesia,1/6/2024 18:16
167,1,5,5,5,9040.063146,319.2289434,Equipment 1,Generator,Solar,23.32359987,0.62596753,24.88234534,72.41216997,12.69451753,PLTB Sidrap,North,Indonesia,1/19/2024 23:36
168,3,5,9,2,6940.587943,194.5849497,Equipment 3,Turbine,Solar,23.32359987,0.62596753,25.25744984,43.77656014,10.59464173,PLTA Cirata,West,Indonesia,1/30/2024 22:48
169,3,4,10,4,3804.528148,378.5069584,Equipment 3,Turbine,Biomass,19.34249343,0.51559958,23.29980525,83.96999695,2.68866794,PLTS Likupang,West,Indonesia,1/20/2024 0:23
170,5,1,1,2,5054.180723,258.3611273,Equipment 5,Turbine,Coal,35.5890588,0.509945836,33.1822624,63.08759283,3.019839462,PLTA Cirata,West,Indonesia,1/10/2024 7:20
171,4,1,1,3,8231.544156,474.2566007,Equipment 4,Generator,Coal,35.5890588,0.509945836,33.1822624,63.08759283,3.019839462,PLTG Muara Karang,West,Indonesia,1/24/2024 10:44
172,2,5,2,2,9713.33867,181.7920088,Equipment 2,Generator,Solar,23.32359987,0.62596753,33.02295257,64.36260254,12.84336443,PLTA Cirata,West,Indonesia,1/18/2024 2:20
173,1,3,6,3,7117.753675,246.1237895,Equipment 1,Generator,Petroleum Liquids,34.67405246,0.628844464,20.32508908,72.41906487,14.73445605,PLTG Muara Karang,West,Indonesia,1/22/2024 9:23
174,4,3,6,4,2113.74871,61.41849895,Equipment 4,Generator,Petroleum Liquids,34.67405246,0.628844464,20.32508908,72.41906487,14.73445605,PLTS Likupang,West,Indonesia,1/18/2024 16:20
175,2,5,2,5,9359.900062,248.0910347,Equipment 2,Generator,Solar,23.32359987,0.62596753,33.02295257,64.36260254,12.84336443,PLTB Sidrap,North,Indonesia,1/6/2024 23:24
176,5,5,10,5,5844.172585,378.3704439,Equipment 5,Turbine,Solar,23.32359987,0.62596753,23.29980525,83.96999695,2.68866794,PLTB Sidrap,North,Indonesia,1/7/2024 13:14
177,5,5,10,3,9347.966112,71.18562644,Equipment 5,Turbine,Solar,23.32359987,0.62596753,23.29980525,83.96999695,2.68866794,PLTG Muara Karang,West,Indonesia,1/26/2024 13:00
178,5,2,7,4,8276.880634,206.5025539,Equipment 5,Turbine,Natural Gas,30.35209643,0.733159032,20.44543734,46.63589773,4.505493737,PLTS Likupang,West,Indonesia,1/18/2024 8:34
179,9,5,10,5,8298.899354,216.9493176,Equipment 9,Turbine,Solar,23.32359987,0.62596753,23.29980525,83.96999695,2.68866794,PLTB Sidrap,North,Indonesia,1/22/2024 13:08
180,1,5,6,2,6700.901316,235.8204485,Equipment 1,Generator,Solar,23.32359987,0.62596753,20.32508908,72.41906487,14.73445605,PLTA Cirata,West,Indonesia,1/5/2024 17:54
181,1,1,2,2,4240.152682,468.5873641,Equipment 1,Generator,Coal,35.5890588,0.509945836,33.02295257,64.36260254,12.84336443,PLTA Cirata,West,Indonesia,1/1/2024 12:33
182,3,3,3,1,3410.294808,353.7239241,Equipment 3,Turbine,Petroleum Liquids,34.67405246,0.628844464,28.47191247,58.94954615,1.81848381,PLTU Suralaya,North,Indonesia,1/25/2024 19:55
183,5,5,1,4,9448.616306,162.6562463,Equipment 5,Turbine,Solar,23.32359987,0.62596753,33.1822624,63.08759283,3.019839462,PLTS Likupang,West,Indonesia,1/7/2024 21:12
184,3,4,8,3,1328.631592,488.6548743,Equipment 3,Turbine,Biomass,19.34249343,0.51559958,28.36380726,53.05013149,2.564092111,PLTG Muara Karang,West,Indonesia,1/24/2024 18:13
185,1,4,1,1,8012.723798,465.2624096,Equipment 1,Generator,Biomass,19.34249343,0.51559958,33.1822624,63.08759283,3.019839462,PLTU Suralaya,North,Indonesia,1/5/2024 5:06
186,4,5,5,3,7310.835416,331.7579339,Equipment 4,Generator,Solar,23.32359987,0.62596753,24.88234534,72.41216997,12.69451753,PLTG Muara Karang,West,Indonesia,1/23/2024 10:04
187,6,4,8,1,5486.820723,304.806308,Equipment 6,Generator,Biomass,19.34249343,0.51559958,28.36380726,53.05013149,2.564092111,PLTU Suralaya,North,Indonesia,1/26/2024 3:35
188,4,4,7,1,2094.3737,467.7822654,Equipment 4,Generator,Biomass,19.34249343,0.51559958,20.44543734,46.63589773,4.505493737,PLTU Suralaya,North,Indonesia,1/24/2024 4:35
189,6,2,6,4,8249.707727,405.5590539,Equipment 6,Generator,Natural Gas,30.35209643,0.733159032,20.32508908,72.41906487,14.73445605,PLTS Likupang,West,Indonesia,1/12/2024 23:11
190,4,2,1,4,6013.355031,406.5192639,Equipment 4,Generator,Natural Gas,30.35209643,0.733159032,33.1822624,63.08759283,3.019839462,PLTS Likupang,West,Indonesia,1/27/2024 22:26
191,10,1,1,2,6308.343361,325.4988135,Equipment 10,Turbine,Coal,35.5890588,0.509945836,33.1822624,63.08759283,3.019839462,PLTA Cirata,West,Indonesia,1/16/2024 15:39
192,7,1,10,1,3963.27724,418.1657009,Equipment 7,Boiler,Coal,35.5890588,0.509945836,23.29980525,83.96999695,2.68866794,PLTU Suralaya,North,Indonesia,1/24/2024 15:50
193,5,2,8,4,5037.235366,220.9287495,Equipment 5,Turbine,Natural Gas,30.35209643,0.733159032,28.36380726,53.05013149,2.564092111,PLTS Likupang,West,Indonesia,1/27/2024 19:40
194,5,5,4,4,9924.22346,462.5307512,Equipment 5,Turbine,Solar,23.32359987,0.62596753,27.77553276,78.22146849,9.084799811,PLTS Likupang,West,Indonesia,1/19/2024 0:00
195,3,5,9,4,3023.307224,487.6090477,Equipment 3,Turbine,Solar,23.32359987,0.62596753,25.25744984,43.77656014,10.59464173,PLTS Likupang,West,Indonesia,1/25/2024 11:18
196,9,5,10,3,3012.25573,470.8008128,Equipment 9,Turbine,Solar,23.32359987,0.62596753,23.29980525,83.96999695,2.68866794,PLTG Muara Karang,West,Indonesia,1/24/2024 5:25
197,7,5,10,1,1793.61184,195.0140158,Equipment 7,Boiler,Solar,23.32359987,0.62596753,23.29980525,83.96999695,2.68866794,PLTU Suralaya,North,Indonesia,1/25/2024 7:31
198,5,4,1,3,7087.088987,309.1551522,Equipment 5,Turbine,Biomass,19.34249343,0.51559958,33.1822624,63.08759283,3.019839462,PLTG Muara Karang,West,Indonesia,1/21/2024 15:31
199,2,2,1,2,4091.202159,126.5406194,Equipment 2,Generator,Natural Gas,30.35209643,0.733159032,33.1822624,63.08759283,3.019839462,PLTA Cirata,West,Indonesia,1/6/2024 16:01
200,7,1,5,5,1136.377169,135.0807696,Equipment 7,Boiler,Coal,35.5890588,0.509945836,24.88234534,72.41216997,12.69451753,PLTB Sidrap,North,Indonesia,1/10/2024 10:25
201,5,3,7,2,2305.168869,482.8651806,Equipment 5,Turbine,Petroleum Liquids,34.67405246,0.628844464,20.44543734,46.63589773,4.505493737,PLTA Cirata,West,Indonesia,1/20/2024 1:19
202,8,3,4,2,5565.043725,225.8385722,Equipment 8,Turbine,Petroleum Liquids,34.67405246,0.628844464,27.77553276,78.22146849,9.084799811,PLTA Cirata,West,Indonesia,1/15/2024 4:27
203,3,5,1,3,4668.861912,447.4338447,Equipment 3,Turbine,Solar,23.32359987,0.62596753,33.1822624,63.08759283,3.019839462,PLTG Muara Karang,West,Indonesia,1/11/2024 16:40
204,1,4,5,1,2179.024738,384.6490485,Equipment 1,Generator,Biomass,19.34249343,0.51559958,24.88234534,72.41216997,12.69451753,PLTU Suralaya,North,Indonesia,1/7/2024 16:47
205,3,2,3,5,2499.244714,390.2837369,Equipment 3,Turbine,Natural Gas,30.35209643,0.733159032,28.47191247,58.94954615,1.81848381,PLTB Sidrap,North,Indonesia,1/2/2024 2:46
206,1,3,9,3,6453.699089,208.7995247,Equipment 1,Generator,Petroleum Liquids,34.67405246,0.628844464,25.25744984,43.77656014,10.59464173,PLTG Muara Karang,West,Indonesia,1/14/2024 11:09
207,6,4,9,3,8163.797036,79.956893,Equipment 6,Generator,Biomass,19.34249343,0.51559958,25.25744984,43.77656014,10.59464173,PLTG Muara Karang,West,Indonesia,1/10/2024 21:03
208,9,2,5,4,8659.845634,488.0359826,Equipment 9,Turbine,Natural Gas,30.35209643,0.733159032,24.88234534,72.41216997,12.69451753,PLTS Likupang,West,Indonesia,1/7/2024 17:20
209,1,2,7,1,2247.544347,371.0039615,Equipment 1,Generator,Natural Gas,30.35209643,0.733159032,20.44543734,46.63589773,4.505493737,PLTU Suralaya,North,Indonesia,1/3/2024 5:40
210,5,4,1,2,9575.069855,367.2158222,Equipment 5,Turbine,Biomass,19.34249343,0.51559958,33.1822624,63.08759283,3.019839462,PLTA Cirata,West,Indonesia,1/19/2024 3:50
211,9,4,3,4,9072.194814,180.3195958,Equipment 9,Turbine,Biomass,19.34249343,0.51559958,28.47191247,58.94954615,1.81848381,PLTS Likupang,West,Indonesia,1/19/2024 9:52
212,5,2,4,5,4011.904103,334.4774768,Equipment 5,Turbine,Natural Gas,30.35209643,0.733159032,27.77553276,78.22146849,9.084799811,PLTB Sidrap,North,Indonesia,1/10/2024 21:40
213,2,3,7,5,9995.814896,492.8965152,Equipment 2,Generator,Petroleum Liquids,34.67405246,0.628844464,20.44543734,46.63589773,4.505493737,PLTB Sidrap,North,Indonesia,1/26/2024 0:06
214,9,1,4,5,8869.156322,131.6947745,Equipment 9,Turbine,Coal,35.5890588,0.509945836,27.77553276,78.22146849,9.084799811,PLTB Sidrap,North,Indonesia,1/3/2024 8:23
215,3,5,3,4,7458.065295,189.2515305,Equipment 3,Turbine,Solar,23.32359987,0.62596753,28.47191247,58.94954615,1.81848381,PLTS Likupang,West,Indonesia,1/21/2024 9:15
216,1,1,6,3,9496.923529,379.9224369,Equipment 1,Generator,Coal,35.5890588,0.509945836,20.32508908,72.41906487,14.73445605,PLTG Muara Karang,West,Indonesia,1/12/2024 13:19
217,4,5,7,5,4047.614428,55.86887131,Equipment 4,Generator,Solar,23.32359987,0.62596753,20.44543734,46.63589773,4.505493737,PLTB Sidrap,North,Indonesia,1/19/2024 17:17
218,1,4,7,2,4514.589308,228.4879981,Equipment 1,Generator,Biomass,19.34249343,0.51559958,20.44543734,46.63589773,4.505493737,PLTA Cirata,West,Indonesia,1/4/2024 14:06
219,8,4,7,1,7381.309244,88.2905592,Equipment 8,Turbine,Biomass,19.34249343,0.51559958,20.44543734,46.63589773,4.505493737,PLTU Suralaya,North,Indonesia,1/30/2024 13:04
220,5,1,5,4,5494.589582,58.7998485,Equipment 5,Turbine,Coal,35.5890588,0.509945836,24.88234534,72.41216997,12.69451753,PLTS Likupang,West,Indonesia,1/4/2024 18:38
221,10,3,7,2,3804.783854,351.7512292,Equipment 10,Turbine,Petroleum Liquids,34.67405246,0.628844464,20.44543734,46.63589773,4.505493737,PLTA Cirata,West,Indonesia,1/6/2024 12:23
222,10,3,8,4,9366.669294,215.6985359,Equipment 10,Turbine,Petroleum Liquids,34.67405246,0.628844464,28.36380726,53.05013149,2.564092111,PLTS Likupang,West,Indonesia,1/3/2024 8:54
223,2,1,1,5,6971.829352,341.4796159,Equipment 2,Generator,Coal,35.5890588,0.509945836,33.1822624,63.08759283,3.019839462,PLTB Sidrap,North,Indonesia,1/1/2024 5:14
224,10,2,10,1,9888.405765,148.9029854,Equipment 10,Turbine,Natural Gas,30.35209643,0.733159032,23.29980525,83.96999695,2.68866794,PLTU Suralaya,North,Indonesia,1/3/2024 23:42
225,6,5,6,5,2270.098981,378.4552248,Equipment 6,Generator,Solar,23.32359987,0.62596753,20.32508908,72.41906487,14.73445605,PLTB Sidrap,North,Indonesia,1/28/2024 14:39
226,9,4,5,3,7938.340617,141.4092213,Equipment 9,Turbine,Biomass,19.34249343,0.51559958,24.88234534,72.41216997,12.69451753,PLTG Muara Karang,West,Indonesia,1/14/2024 9:57
227,2,3,8,2,6376.126135,210.1209982,Equipment 2,Generator,Petroleum Liquids,34.67405246,0.628844464,28.36380726,53.05013149,2.564092111,PLTA Cirata,West,Indonesia,1/27/2024 15:18
228,10,3,10,3,6333.395376,293.4182637,Equipment 10,Turbine,Petroleum Liquids,34.67405246,0.628844464,23.29980525,83.96999695,2.68866794,PLTG Muara Karang,West,Indonesia,1/9/2024 19:39
229,3,1,6,3,6923.39553,91.33963938,Equipment 3,Turbine,Coal,35.5890588,0.509945836,20.32508908,72.41906487,14.73445605,PLTG Muara Karang,West,Indonesia,1/16/2024 17:13
230,8,4,10,4,8155.611145,489.0659189,Equipment 8,Turbine,Biomass,19.34249343,0.51559958,23.29980525,83.96999695,2.68866794,PLTS Likupang,West,Indonesia,1/16/2024 10:35
231,5,5,6,2,4300.704767,356.0952329,Equipment 5,Turbine,Solar,23.32359987,0.62596753,20.32508908,72.41906487,14.73445605,PLTA Cirata,West,Indonesia,1/6/2024 20:06
232,3,1,1,2,8930.95153,265.3695605,Equipment 3,Turbine,Coal,35.5890588,0.509945836,33.1822624,63.08759283,3.019839462,PLTA Cirata,West,Indonesia,1/2/2024 19:24
233,3,1,7,2,3739.083136,126.3408929,Equipment 3,Turbine,Coal,35.5890588,0.509945836,20.44543734,46.63589773,4.505493737,PLTA Cirata,West,Indonesia,1/29/2024 9:59
234,9,3,7,5,6052.758551,194.3992942,Equipment 9,Turbine,Petroleum Liquids,34.67405246,0.628844464,20.44543734,46.63589773,4.505493737,PLTB Sidrap,North,Indonesia,1/21/2024 17:32
235,1,4,2,3,1268.080648,359.4725347,Equipment 1,Generator,Biomass,19.34249343,0.51559958,33.02295257,64.36260254,12.84336443,PLTG Muara Karang,West,Indonesia,1/27/2024 7:54
236,7,5,2,2,9408.24661,463.6522842,Equipment 7,Boiler,Solar,23.32359987,0.62596753,33.02295257,64.36260254,12.84336443,PLTA Cirata,West,Indonesia,1/27/2024 0:35
237,1,2,5,4,8079.013556,391.072469,Equipment 1,Generator,Natural Gas,30.35209643,0.733159032,24.88234534,72.41216997,12.69451753,PLTS Likupang,West,Indonesia,1/24/2024 0:11
238,10,4,5,2,4235.350075,396.9354884,Equipment 10,Turbine,Biomass,19.34249343,0.51559958,24.88234534,72.41216997,12.69451753,PLTA Cirata,West,Indonesia,1/24/2024 10:38
239,1,5,5,1,8631.194033,477.1543453,Equipment 1,Generator,Solar,23.32359987,0.62596753,24.88234534,72.41216997,12.69451753,PLTU Suralaya,North,Indonesia,1/6/2024 9:36
240,2,5,10,3,3835.918563,225.2120195,Equipment 2,Generator,Solar,23.32359987,0.62596753,23.29980525,83.96999695,2.68866794,PLTG Muara Karang,West,Indonesia,1/11/2024 19:49
241,7,2,9,1,7668.955766,170.1710716,Equipment 7,Boiler,Natural Gas,30.35209643,0.733159032,25.25744984,43.77656014,10.59464173,PLTU Suralaya,North,Indonesia,1/17/2024 18:32
242,7,3,7,4,4531.12075,461.3815727,Equipment 7,Boiler,Petroleum Liquids,34.67405246,0.628844464,20.44543734,46.63589773,4.505493737,PLTS Likupang,West,Indonesia,1/28/2024 1:23
243,8,2,4,5,1894.94459,243.016325,Equipment 8,Turbine,Natural Gas,30.35209643,0.733159032,27.77553276,78.22146849,9.084799811,PLTB Sidrap,North,Indonesia,1/12/2024 15:03
244,2,4,3,2,5229.91921,175.0635358,Equipment 2,Generator,Biomass,19.34249343,0.51559958,28.47191247,58.94954615,1.81848381,PLTA Cirata,West,Indonesia,1/26/2024 22:01
245,9,2,2,5,7112.360076,52.7791813,Equipment 9,Turbine,Natural Gas,30.35209643,0.733159032,33.02295257,64.36260254,12.84336443,PLTB Sidrap,North,Indonesia,1/13/2024 15:47
246,3,4,6,4,4033.702248,484.8624639,Equipment 3,Turbine,Biomass,19.34249343,0.51559958,20.32508908,72.41906487,14.73445605,PLTS Likupang,West,Indonesia,1/16/2024 6:54
247,8,1,1,3,6947.301491,301.0577142,Equipment 8,Turbine,Coal,35.5890588,0.509945836,33.1822624,63.08759283,3.019839462,PLTG Muara Karang,West,Indonesia,1/3/2024 12:03
248,8,2,3,5,5739.682795,480.1453424,Equipment 8,Turbine,Natural Gas,30.35209643,0.733159032,28.47191247,58.94954615,1.81848381,PLTB Sidrap,North,Indonesia,1/26/2024 13:06
249,8,5,5,4,3226.718817,310.1845156,Equipment 8,Turbine,Solar,23.32359987,0.62596753,24.88234534,72.41216997,12.69451753,PLTS Likupang,West,Indonesia,1/12/2024 21:15
250,6,2,6,1,9468.437934,71.7201475,Equipment 6,Generator,Natural Gas,30.35209643,0.733159032,20.32508908,72.41906487,14.73445605,PLTU Suralaya,North,Indonesia,1/19/2024 3:20
251,6,4,9,5,4538.001937,65.55959222,Equipment 6,Generator,Biomass,19.34249343,0.51559958,25.25744984,43.77656014,10.59464173,PLTB Sidrap,North,Indonesia,1/15/2024 14:26
252,3,5,9,1,7638.228242,454.1500366,Equipment 3,Turbine,Solar,23.32359987,0.62596753,25.25744984,43.77656014,10.59464173,PLTU Suralaya,North,Indonesia,1/24/2024 7:29
253,10,4,7,2,7447.911614,320.9716101,Equipment 10,Turbine,Biomass,19.34249343,0.51559958,20.44543734,46.63589773,4.505493737,PLTA Cirata,West,Indonesia,1/20/2024 4:53
254,4,4,6,2,9077.015593,409.2620266,Equipment 4,Generator,Biomass,19.34249343,0.51559958,20.32508908,72.41906487,14.73445605,PLTA Cirata,West,Indonesia,1/29/2024 10:03
255,3,1,2,2,4074.178741,75.72528007,Equipment 3,Turbine,Coal,35.5890588,0.509945836,33.02295257,64.36260254,12.84336443,PLTA Cirata,West,Indonesia,1/26/2024 4:17
256,9,4,1,4,2738.648838,170.2778415,Equipment 9,Turbine,Biomass,19.34249343,0.51559958,33.1822624,63.08759283,3.019839462,PLTS Likupang,West,Indonesia,1/11/2024 15:12
257,8,2,10,1,3510.277282,167.5530169,Equipment 8,Turbine,Natural Gas,30.35209643,0.733159032,23.29980525,83.96999695,2.68866794,PLTU Suralaya,North,Indonesia,1/20/2024 16:52
258,4,4,4,2,3495.690005,108.0386838,Equipment 4,Generator,Biomass,19.34249343,0.51559958,27.77553276,78.22146849,9.084799811,PLTA Cirata,West,Indonesia,1/24/2024 23:18
259,9,4,8,4,5187.369348,310.4822888,Equipment 9,Turbine,Biomass,19.34249343,0.51559958,28.36380726,53.05013149,2.564092111,PLTS Likupang,West,Indonesia,1/17/2024 4:05
260,4,2,2,4,2631.150593,475.86873,Equipment 4,Generator,Natural Gas,30.35209643,0.733159032,33.02295257,64.36260254,12.84336443,PLTS Likupang,West,Indonesia,1/7/2024 12:43
261,6,1,4,3,5973.918444,354.3740386,Equipment 6,Generator,Coal,35.5890588,0.509945836,27.77553276,78.22146849,9.084799811,PLTG Muara Karang,West,Indonesia,1/4/2024 16:32
262,2,1,4,5,1745.424952,312.3913014,Equipment 2,Generator,Coal,35.5890588,0.509945836,27.77553276,78.22146849,9.084799811,PLTB Sidrap,North,Indonesia,1/12/2024 18:46
263,1,2,1,5,7379.724977,294.8992616,Equipment 1,Generator,Natural Gas,30.35209643,0.733159032,33.1822624,63.08759283,3.019839462,PLTB Sidrap,North,Indonesia,1/27/2024 10:19
264,4,4,5,2,7474.840507,330.6431958,Equipment 4,Generator,Biomass,19.34249343,0.51559958,24.88234534,72.41216997,12.69451753,PLTA Cirata,West,Indonesia,1/5/2024 15:43
265,6,1,7,4,1745.685054,95.6985772,Equipment 6,Generator,Coal,35.5890588,0.509945836,20.44543734,46.63589773,4.505493737,PLTS Likupang,West,Indonesia,1/13/2024 2:03
266,3,5,6,5,9527.935245,131.8034983,Equipment 3,Turbine,Solar,23.32359987,0.62596753,20.32508908,72.41906487,14.73445605,PLTB Sidrap,North,Indonesia,1/10/2024 7:47
267,4,2,8,2,7737.339958,299.983338,Equipment 4,Generator,Natural Gas,30.35209643,0.733159032,28.36380726,53.05013149,2.564092111,PLTA Cirata,West,Indonesia,1/10/2024 3:25
268,4,3,10,2,2761.941523,229.6228085,Equipment 4,Generator,Petroleum Liquids,34.67405246,0.628844464,23.29980525,83.96999695,2.68866794,PLTA Cirata,West,Indonesia,1/5/2024 13:03
269,8,3,8,2,2382.002513,156.0572326,Equipment 8,Turbine,Petroleum Liquids,34.67405246,0.628844464,28.36380726,53.05013149,2.564092111,PLTA Cirata,West,Indonesia,1/10/2024 12:07
270,1,3,5,5,6708.549193,472.3878258,Equipment 1,Generator,Petroleum Liquids,34.67405246,0.628844464,24.88234534,72.41216997,12.69451753,PLTB Sidrap,North,Indonesia,1/8/2024 2:27
271,2,4,4,4,3323.841237,487.094509,Equipment 2,Generator,Biomass,19.34249343,0.51559958,27.77553276,78.22146849,9.084799811,PLTS Likupang,West,Indonesia,1/30/2024 6:18
272,8,2,4,1,8694.043063,495.2794237,Equipment 8,Turbine,Natural Gas,30.35209643,0.733159032,27.77553276,78.22146849,9.084799811,PLTU Suralaya,North,Indonesia,1/29/2024 0:21
273,3,5,7,1,6612.591224,402.5491215,Equipment 3,Turbine,Solar,23.32359987,0.62596753,20.44543734,46.63589773,4.505493737,PLTU Suralaya,North,Indonesia,1/30/2024 17:40
274,6,3,6,2,3260.0697,261.4027694,Equipment 6,Generator,Petroleum Liquids,34.67405246,0.628844464,20.32508908,72.41906487,14.73445605,PLTA Cirata,West,Indonesia,1/2/2024 16:58
275,8,1,10,4,3282.931112,198.3875853,Equipment 8,Turbine,Coal,35.5890588,0.509945836,23.29980525,83.96999695,2.68866794,PLTS Likupang,West,Indonesia,1/13/2024 23:43
276,1,4,3,1,3340.027519,441.8469901,Equipment 1,Generator,Biomass,19.34249343,0.51559958,28.47191247,58.94954615,1.81848381,PLTU Suralaya,North,Indonesia,1/4/2024 16:42
277,8,4,10,5,4453.881525,359.9629602,Equipment 8,Turbine,Biomass,19.34249343,0.51559958,23.29980525,83.96999695,2.68866794,PLTB Sidrap,North,Indonesia,1/1/2024 20:14
278,2,4,5,5,8559.746643,185.7834804,Equipment 2,Generator,Biomass,19.34249343,0.51559958,24.88234534,72.41216997,12.69451753,PLTB Sidrap,North,Indonesia,1/16/2024 1:59
279,5,1,2,1,5837.639057,144.7447657,Equipment 5,Turbine,Coal,35.5890588,0.509945836,33.02295257,64.36260254,12.84336443,PLTU Suralaya,North,Indonesia,1/8/2024 16:41
280,2,3,5,4,7893.972816,246.9718381,Equipment 2,Generator,Petroleum Liquids,34.67405246,0.628844464,24.88234534,72.41216997,12.69451753,PLTS Likupang,West,Indonesia,1/12/2024 8:53
281,3,3,3,2,1502.635623,413.0090919,Equipment 3,Turbine,Petroleum Liquids,34.67405246,0.628844464,28.47191247,58.94954615,1.81848381,PLTA Cirata,West,Indonesia,1/6/2024 3:22
282,9,1,3,4,3366.88387,183.6023991,Equipment 9,Turbine,Coal,35.5890588,0.509945836,28.47191247,58.94954615,1.81848381,PLTS Likupang,West,Indonesia,1/3/2024 10:07
283,9,3,10,3,1761.80635,326.8692596,Equipment 9,Turbine,Petroleum Liquids,34.67405246,0.628844464,23.29980525,83.96999695,2.68866794,PLTG Muara Karang,West,Indonesia,1/2/2024 5:43
284,7,4,8,1,5844.49162,382.1096308,Equipment 7,Boiler,Biomass,19.34249343,0.51559958,28.36380726,53.05013149,2.564092111,PLTU Suralaya,North,Indonesia,1/15/2024 2:33
285,2,4,7,2,5652.708809,394.72098,Equipment 2,Generator,Biomass,19.34249343,0.51559958,20.44543734,46.63589773,4.505493737,PLTA Cirata,West,Indonesia,1/12/2024 9:49
286,9,1,4,4,2098.036042,410.9485534,Equipment 9,Turbine,Coal,35.5890588,0.509945836,27.77553276,78.22146849,9.084799811,PLTS Likupang,West,Indonesia,1/17/2024 21:23
287,8,1,4,1,8374.79648,492.1589274,Equipment 8,Turbine,Coal,35.5890588,0.509945836,27.77553276,78.22146849,9.084799811,PLTU Suralaya,North,Indonesia,1/17/2024 13:11
288,10,1,6,3,2571.131489,389.0529853,Equipment 10,Turbine,Coal,35.5890588,0.509945836,20.32508908,72.41906487,14.73445605,PLTG Muara Karang,West,Indonesia,1/22/2024 10:09
289,7,2,7,1,3822.750494,391.5413252,Equipment 7,Boiler,Natural Gas,30.35209643,0.733159032,20.44543734,46.63589773,4.505493737,PLTU Suralaya,North,Indonesia,1/9/2024 17:16
290,5,4,6,4,4619.14646,422.3126973,Equipment 5,Turbine,Biomass,19.34249343,0.51559958,20.32508908,72.41906487,14.73445605,PLTS Likupang,West,Indonesia,1/25/2024 23:40
291,9,5,10,3,5599.380362,232.5020858,Equipment 9,Turbine,Solar,23.32359987,0.62596753,23.29980525,83.96999695,2.68866794,PLTG Muara Karang,West,Indonesia,1/19/2024 23:33
292,8,3,9,3,5983.997239,457.6989234,Equipment 8,Turbine,Petroleum Liquids,34.67405246,0.628844464,25.25744984,43.77656014,10.59464173,PLTG Muara Karang,West,Indonesia,1/22/2024 20:47
293,2,2,6,4,4941.168036,403.7889953,Equipment 2,Generator,Natural Gas,30.35209643,0.733159032,20.32508908,72.41906487,14.73445605,PLTS Likupang,West,Indonesia,1/26/2024 19:01
294,5,4,6,5,8663.140876,127.116209,Equipment 5,Turbine,Biomass,19.34249343,0.51559958,20.32508908,72.41906487,14.73445605,PLTB Sidrap,North,Indonesia,1/27/2024 3:10
295,1,4,6,4,7348.783606,374.5748083,Equipment 1,Generator,Biomass,19.34249343,0.51559958,20.32508908,72.41906487,14.73445605,PLTS Likupang,West,Indonesia,1/27/2024 4:57
296,4,1,9,1,1593.272325,191.8060656,Equipment 4,Generator,Coal,35.5890588,0.509945836,25.25744984,43.77656014,10.59464173,PLTU Suralaya,North,Indonesia,1/18/2024 20:28
297,4,5,1,2,1088.931243,404.4536711,Equipment 4,Generator,Solar,23.32359987,0.62596753,33.1822624,63.08759283,3.019839462,PLTA Cirata,West,Indonesia,1/17/2024 0:17
298,8,5,7,4,3790.136409,409.1270429,Equipment 8,Turbine,Solar,23.32359987,0.62596753,20.44543734,46.63589773,4.505493737,PLTS Likupang,West,Indonesia,1/4/2024 12:42
299,5,1,8,4,6580.547421,381.6970125,Equipment 5,Turbine,Coal,35.5890588,0.509945836,28.36380726,53.05013149,2.564092111,PLTS Likupang,West,Indonesia,1/10/2024 5:27
300,7,5,3,1,4136.058336,110.216082,Equipment 7,Boiler,Solar,23.32359987,0.62596753,28.47191247,58.94954615,1.81848381,PLTU Suralaya,North,Indonesia,1/8/2024 20:03
301,3,4,9,4,4773.29769,391.6815559,Equipment 3,Turbine,Biomass,19.34249343,0.51559958,25.25744984,43.77656014,10.59464173,PLTS Likupang,West,Indonesia,1/11/2024 11:04
302,9,2,9,1,7137.339144,108.4417506,Equipment 9,Turbine,Natural Gas,30.35209643,0.733159032,25.25744984,43.77656014,10.59464173,PLTU Suralaya,North,Indonesia,1/16/2024 10:27
303,10,3,8,5,4640.851854,131.7413515,Equipment 10,Turbine,Petroleum Liquids,34.67405246,0.628844464,28.36380726,53.05013149,2.564092111,PLTB Sidrap,North,Indonesia,1/9/2024 6:59
304,10,3,6,5,4624.896072,272.8819768,Equipment 10,Turbine,Petroleum Liquids,34.67405246,0.628844464,20.32508908,72.41906487,14.73445605,PLTB Sidrap,North,Indonesia,1/9/2024 5:27
305,4,4,6,1,4427.139693,90.76730695,Equipment 4,Generator,Biomass,19.34249343,0.51559958,20.32508908,72.41906487,14.73445605,PLTU Suralaya,North,Indonesia,1/23/2024 16:52
306,7,3,3,1,6201.442704,288.3218119,Equipment 7,Boiler,Petroleum Liquids,34.67405246,0.628844464,28.47191247,58.94954615,1.81848381,PLTU Suralaya,North,Indonesia,1/11/2024 18:37
307,3,3,5,1,2243.546111,121.319663,Equipment 3,Turbine,Petroleum Liquids,34.67405246,0.628844464,24.88234534,72.41216997,12.69451753,PLTU Suralaya,North,Indonesia,1/29/2024 7:12
308,9,2,9,3,8854.956604,180.1261939,Equipment 9,Turbine,Natural Gas,30.35209643,0.733159032,25.25744984,43.77656014,10.59464173,PLTG Muara Karang,West,Indonesia,1/3/2024 22:38
309,4,1,2,3,7659.725103,422.6807909,Equipment 4,Generator,Coal,35.5890588,0.509945836,33.02295257,64.36260254,12.84336443,PLTG Muara Karang,West,Indonesia,1/24/2024 17:35
310,1,5,5,5,5329.055837,493.9602088,Equipment 1,Generator,Solar,23.32359987,0.62596753,24.88234534,72.41216997,12.69451753,PLTB Sidrap,North,Indonesia,1/4/2024 12:03
311,3,3,3,2,2576.99517,153.8629901,Equipment 3,Turbine,Petroleum Liquids,34.67405246,0.628844464,28.47191247,58.94954615,1.81848381,PLTA Cirata,West,Indonesia,1/9/2024 2:34
312,3,1,5,5,6284.9577,407.8293253,Equipment 3,Turbine,Coal,35.5890588,0.509945836,24.88234534,72.41216997,12.69451753,PLTB Sidrap,North,Indonesia,1/2/2024 21:18
313,3,1,2,2,6796.245785,367.7529908,Equipment 3,Turbine,Coal,35.5890588,0.509945836,33.02295257,64.36260254,12.84336443,PLTA Cirata,West,Indonesia,1/12/2024 8:11
314,9,4,6,3,8826.927263,443.820998,Equipment 9,Turbine,Biomass,19.34249343,0.51559958,20.32508908,72.41906487,14.73445605,PLTG Muara Karang,West,Indonesia,1/14/2024 2:33
315,4,5,10,5,9193.077891,149.3320308,Equipment 4,Generator,Solar,23.32359987,0.62596753,23.29980525,83.96999695,2.68866794,PLTB Sidrap,North,Indonesia,1/22/2024 16:11
316,4,4,9,1,8363.734689,436.3365044,Equipment 4,Generator,Biomass,19.34249343,0.51559958,25.25744984,43.77656014,10.59464173,PLTU Suralaya,North,Indonesia,1/18/2024 22:16
317,9,5,6,4,4654.93627,259.7149307,Equipment 9,Turbine,Solar,23.32359987,0.62596753,20.32508908,72.41906487,14.73445605,PLTS Likupang,West,Indonesia,1/15/2024 17:44
318,1,1,10,5,7854.10933,293.4698311,Equipment 1,Generator,Coal,35.5890588,0.509945836,23.29980525,83.96999695,2.68866794,PLTB Sidrap,North,Indonesia,1/16/2024 16:02
319,1,3,10,4,1246.18729,131.5315212,Equipment 1,Generator,Petroleum Liquids,34.67405246,0.628844464,23.29980525,83.96999695,2.68866794,PLTS Likupang,West,Indonesia,1/18/2024 9:31
320,7,4,8,1,7700.050549,168.5952173,Equipment 7,Boiler,Biomass,19.34249343,0.51559958,28.36380726,53.05013149,2.564092111,PLTU Suralaya,North,Indonesia,1/17/2024 19:28
321,7,4,8,5,2195.677223,452.0871773,Equipment 7,Boiler,Biomass,19.34249343,0.51559958,28.36380726,53.05013149,2.564092111,PLTB Sidrap,North,Indonesia,1/15/2024 6:10
322,1,2,7,3,9473.13424,249.2106564,Equipment 1,Generator,Natural Gas,30.35209643,0.733159032,20.44543734,46.63589773,4.505493737,PLTG Muara Karang,West,Indonesia,1/2/2024 2:40
323,6,4,5,5,3974.933393,81.36119439,Equipment 6,Generator,Biomass,19.34249343,0.51559958,24.88234534,72.41216997,12.69451753,PLTB Sidrap,North,Indonesia,1/16/2024 6:37
324,8,4,9,4,9542.291759,474.5285165,Equipment 8,Turbine,Biomass,19.34249343,0.51559958,25.25744984,43.77656014,10.59464173,PLTS Likupang,West,Indonesia,1/15/2024 12:30
325,7,5,9,5,7122.313733,163.9050969,Equipment 7,Boiler,Solar,23.32359987,0.62596753,25.25744984,43.77656014,10.59464173,PLTB Sidrap,North,Indonesia,1/3/2024 15:13
326,9,3,8,2,6773.456984,356.5306053,Equipment 9,Turbine,Petroleum Liquids,34.67405246,0.628844464,28.36380726,53.05013149,2.564092111,PLTA Cirata,West,Indonesia,1/9/2024 1:28
327,8,5,1,1,7470.160896,182.373296,Equipment 8,Turbine,Solar,23.32359987,0.62596753,33.1822624,63.08759283,3.019839462,PLTU Suralaya,North,Indonesia,1/14/2024 12:15
328,6,1,1,5,9789.528668,384.6664361,Equipment 6,Generator,Coal,35.5890588,0.509945836,33.1822624,63.08759283,3.019839462,PLTB Sidrap,North,Indonesia,1/22/2024 5:44
329,2,5,7,3,8727.738632,219.4601489,Equipment 2,Generator,Solar,23.32359987,0.62596753,20.44543734,46.63589773,4.505493737,PLTG Muara Karang,West,Indonesia,1/23/2024 15:20
330,4,1,5,1,6621.154207,361.9404145,Equipment 4,Generator,Coal,35.5890588,0.509945836,24.88234534,72.41216997,12.69451753,PLTU Suralaya,North,Indonesia,1/26/2024 14:40
331,6,4,7,2,2246.589048,152.081574,Equipment 6,Generator,Biomass,19.34249343,0.51559958,20.44543734,46.63589773,4.505493737,PLTA Cirata,West,Indonesia,1/14/2024 7:15
332,6,3,2,5,9631.455309,377.7561611,Equipment 6,Generator,Petroleum Liquids,34.67405246,0.628844464,33.02295257,64.36260254,12.84336443,PLTB Sidrap,North,Indonesia,1/30/2024 0:00
333,9,2,2,4,9499.192482,176.7050055,Equipment 9,Turbine,Natural Gas,30.35209643,0.733159032,33.02295257,64.36260254,12.84336443,PLTS Likupang,West,Indonesia,1/15/2024 19:07
334,10,3,1,4,2239.282323,210.9554217,Equipment 10,Turbine,Petroleum Liquids,34.67405246,0.628844464,33.1822624,63.08759283,3.019839462,PLTS Likupang,West,Indonesia,1/7/2024 17:16
335,6,5,4,4,5962.960643,402.1790793,Equipment 6,Generator,Solar,23.32359987,0.62596753,27.77553276,78.22146849,9.084799811,PLTS Likupang,West,Indonesia,1/27/2024 13:26
336,1,5,5,2,9276.228323,240.2448993,Equipment 1,Generator,Solar,23.32359987,0.62596753,24.88234534,72.41216997,12.69451753,PLTA Cirata,West,Indonesia,1/4/2024 18:46
337,2,2,5,5,6282.979564,55.93854343,Equipment 2,Generator,Natural Gas,30.35209643,0.733159032,24.88234534,72.41216997,12.69451753,PLTB Sidrap,North,Indonesia,1/15/2024 5:47
338,7,3,9,4,2931.117469,93.25672779,Equipment 7,Boiler,Petroleum Liquids,34.67405246,0.628844464,25.25744984,43.77656014,10.59464173,PLTS Likupang,West,Indonesia,1/30/2024 16:03
339,8,1,3,3,7401.063556,187.9419537,Equipment 8,Turbine,Coal,35.5890588,0.509945836,28.47191247,58.94954615,1.81848381,PLTG Muara Karang,West,Indonesia,1/21/2024 18:20
340,7,2,4,5,3902.403813,294.3094366,Equipment 7,Boiler,Natural Gas,30.35209643,0.733159032,27.77553276,78.22146849,9.084799811,PLTB Sidrap,North,Indonesia,1/28/2024 7:36
341,3,3,5,5,4165.907401,369.0213604,Equipment 3,Turbine,Petroleum Liquids,34.67405246,0.628844464,24.88234534,72.41216997,12.69451753,PLTB Sidrap,North,Indonesia,1/1/2024 19:59
342,7,1,6,5,5295.93245,195.2610746,Equipment 7,Boiler,Coal,35.5890588,0.509945836,20.32508908,72.41906487,14.73445605,PLTB Sidrap,North,Indonesia,1/24/2024 3:14
343,4,3,1,3,5734.288242,438.9489268,Equipment 4,Generator,Petroleum Liquids,34.67405246,0.628844464,33.1822624,63.08759283,3.019839462,PLTG Muara Karang,West,Indonesia,1/7/2024 10:14
344,9,1,10,1,4053.99639,282.8405113,Equipment 9,Turbine,Coal,35.5890588,0.509945836,23.29980525,83.96999695,2.68866794,PLTU Suralaya,North,Indonesia,1/8/2024 4:17
345,6,4,8,3,4738.975063,110.0740014,Equipment 6,Generator,Biomass,19.34249343,0.51559958,28.36380726,53.05013149,2.564092111,PLTG Muara Karang,West,Indonesia,1/26/2024 10:36
346,1,4,7,5,3912.233324,219.2802276,Equipment 1,Generator,Biomass,19.34249343,0.51559958,20.44543734,46.63589773,4.505493737,PLTB Sidrap,North,Indonesia,1/14/2024 12:53
347,9,5,3,2,8322.701459,301.5364108,Equipment 9,Turbine,Solar,23.32359987,0.62596753,28.47191247,58.94954615,1.81848381,PLTA Cirata,West,Indonesia,1/29/2024 22:16
348,8,4,5,3,4975.945202,370.7905255,Equipment 8,Turbine,Biomass,19.34249343,0.51559958,24.88234534,72.41216997,12.69451753,PLTG Muara Karang,West,Indonesia,1/21/2024 8:49
349,3,2,9,3,5008.733896,156.3811654,Equipment 3,Turbine,Natural Gas,30.35209643,0.733159032,25.25744984,43.77656014,10.59464173,PLTG Muara Karang,West,Indonesia,1/1/2024 12:22
350,2,2,5,1,3526.200451,318.3442896,Equipment 2,Generator,Natural Gas,30.35209643,0.733159032,24.88234534,72.41216997,12.69451753,PLTU Suralaya,North,Indonesia,1/25/2024 23:55
351,2,3,6,4,9965.318978,135.4937364,Equipment 2,Generator,Petroleum Liquids,34.67405246,0.628844464,20.32508908,72.41906487,14.73445605,PLTS Likupang,West,Indonesia,1/16/2024 16:36
352,9,2,7,3,2971.141252,418.9001936,Equipment 9,Turbine,Natural Gas,30.35209643,0.733159032,20.44543734,46.63589773,4.505493737,PLTG Muara Karang,West,Indonesia,1/28/2024 14:50
353,4,4,2,2,7703.489391,257.5291598,Equipment 4,Generator,Biomass,19.34249343,0.51559958,33.02295257,64.36260254,12.84336443,PLTA Cirata,West,Indonesia,1/16/2024 1:06
354,1,4,1,3,3678.466571,105.3926144,Equipment 1,Generator,Biomass,19.34249343,0.51559958,33.1822624,63.08759283,3.019839462,PLTG Muara Karang,West,Indonesia,1/17/2024 10:20
355,9,5,7,2,2914.788317,347.396879,Equipment 9,Turbine,Solar,23.32359987,0.62596753,20.44543734,46.63589773,4.505493737,PLTA Cirata,West,Indonesia,1/30/2024 21:40
356,10,4,9,5,6387.037631,298.140246,Equipment 10,Turbine,Biomass,19.34249343,0.51559958,25.25744984,43.77656014,10.59464173,PLTB Sidrap,North,Indonesia,1/27/2024 8:10
357,3,5,2,1,9316.750755,103.2169957,Equipment 3,Turbine,Solar,23.32359987,0.62596753,33.02295257,64.36260254,12.84336443,PLTU Suralaya,North,Indonesia,1/22/2024 15:18
358,8,4,10,3,1726.160956,245.0930831,Equipment 8,Turbine,Biomass,19.34249343,0.51559958,23.29980525,83.96999695,2.68866794,PLTG Muara Karang,West,Indonesia,1/9/2024 21:29
359,7,2,10,2,3480.878449,201.3899276,Equipment 7,Boiler,Natural Gas,30.35209643,0.733159032,23.29980525,83.96999695,2.68866794,PLTA Cirata,West,Indonesia,1/17/2024 19:35
360,10,2,9,3,6442.078428,71.13615763,Equipment 10,Turbine,Natural Gas,30.35209643,0.733159032,25.25744984,43.77656014,10.59464173,PLTG Muara Karang,West,Indonesia,1/18/2024 10:39
361,10,1,1,1,3956.56028,69.66917571,Equipment 10,Turbine,Coal,35.5890588,0.509945836,33.1822624,63.08759283,3.019839462,PLTU Suralaya,North,Indonesia,1/27/2024 13:56
362,10,5,7,1,7210.108401,285.2949104,Equipment 10,Turbine,Solar,23.32359987,0.62596753,20.44543734,46.63589773,4.505493737,PLTU Suralaya,North,Indonesia,1/24/2024 16:48
363,3,5,10,3,3286.338971,215.9261064,Equipment 3,Turbine,Solar,23.32359987,0.62596753,23.29980525,83.96999695,2.68866794,PLTG Muara Karang,West,Indonesia,1/9/2024 15:11
364,5,4,3,4,6738.095088,497.9981836,Equipment 5,Turbine,Biomass,19.34249343,0.51559958,28.47191247,58.94954615,1.81848381,PLTS Likupang,West,Indonesia,1/27/2024 12:57
365,4,2,3,5,3693.200608,267.1273386,Equipment 4,Generator,Natural Gas,30.35209643,0.733159032,28.47191247,58.94954615,1.81848381,PLTB Sidrap,North,Indonesia,1/12/2024 18:46
366,5,1,6,4,8878.894694,228.8302284,Equipment 5,Turbine,Coal,35.5890588,0.509945836,20.32508908,72.41906487,14.73445605,PLTS Likupang,West,Indonesia,1/29/2024 12:58
367,4,4,2,5,2765.776084,150.869424,Equipment 4,Generator,Biomass,19.34249343,0.51559958,33.02295257,64.36260254,12.84336443,PLTB Sidrap,North,Indonesia,1/27/2024 13:46
368,9,1,1,4,3859.751114,305.6140844,Equipment 9,Turbine,Coal,35.5890588,0.509945836,33.1822624,63.08759283,3.019839462,PLTS Likupang,West,Indonesia,1/17/2024 14:07
369,6,2,2,2,7592.120303,350.0466904,Equipment 6,Generator,Natural Gas,30.35209643,0.733159032,33.02295257,64.36260254,12.84336443,PLTA Cirata,West,Indonesia,1/8/2024 7:06
370,6,4,10,3,1359.014984,494.5412006,Equipment 6,Generator,Biomass,19.34249343,0.51559958,23.29980525,83.96999695,2.68866794,PLTG Muara Karang,West,Indonesia,1/19/2024 12:45
371,1,3,10,4,5673.385972,376.3594764,Equipment 1,Generator,Petroleum Liquids,34.67405246,0.628844464,23.29980525,83.96999695,2.68866794,PLTS Likupang,West,Indonesia,1/14/2024 7:27
372,3,3,8,2,8777.542131,138.0836993,Equipment 3,Turbine,Petroleum Liquids,34.67405246,0.628844464,28.36380726,53.05013149,2.564092111,PLTA Cirata,West,Indonesia,1/29/2024 15:30
373,10,3,7,3,6706.872192,445.3370171,Equipment 10,Turbine,Petroleum Liquids,34.67405246,0.628844464,20.44543734,46.63589773,4.505493737,PLTG Muara Karang,West,Indonesia,1/28/2024 18:19
374,5,2,4,1,8057.030725,441.1146583,Equipment 5,Turbine,Natural Gas,30.35209643,0.733159032,27.77553276,78.22146849,9.084799811,PLTU Suralaya,North,Indonesia,1/14/2024 10:02
375,3,4,3,1,1698.906635,379.2129804,Equipment 3,Turbine,Biomass,19.34249343,0.51559958,28.47191247,58.94954615,1.81848381,PLTU Suralaya,North,Indonesia,1/3/2024 8:27
376,6,2,9,5,7204.000876,410.4171023,Equipment 6,Generator,Natural Gas,30.35209643,0.733159032,25.25744984,43.77656014,10.59464173,PLTB Sidrap,North,Indonesia,1/12/2024 6:03
377,2,2,7,1,5758.185003,54.05448598,Equipment 2,Generator,Natural Gas,30.35209643,0.733159032,20.44543734,46.63589773,4.505493737,PLTU Suralaya,North,Indonesia,1/26/2024 17:23
378,6,1,10,1,7140.729386,304.7110594,Equipment 6,Generator,Coal,35.5890588,0.509945836,23.29980525,83.96999695,2.68866794,PLTU Suralaya,North,Indonesia,1/29/2024 1:34
379,8,4,9,2,9474.074164,171.7973836,Equipment 8,Turbine,Biomass,19.34249343,0.51559958,25.25744984,43.77656014,10.59464173,PLTA Cirata,West,Indonesia,1/22/2024 2:31
380,9,3,10,4,2449.623729,209.4694773,Equipment 9,Turbine,Petroleum Liquids,34.67405246,0.628844464,23.29980525,83.96999695,2.68866794,PLTS Likupang,West,Indonesia,1/10/2024 5:01
381,1,5,10,2,9020.491887,52.17406517,Equipment 1,Generator,Solar,23.32359987,0.62596753,23.29980525,83.96999695,2.68866794,PLTA Cirata,West,Indonesia,1/2/2024 6:55
382,4,4,5,5,1947.354853,55.63518841,Equipment 4,Generator,Biomass,19.34249343,0.51559958,24.88234534,72.41216997,12.69451753,PLTB Sidrap,North,Indonesia,1/13/2024 17:02
383,4,3,8,5,3447.247503,386.4675622,Equipment 4,Generator,Petroleum Liquids,34.67405246,0.628844464,28.36380726,53.05013149,2.564092111,PLTB Sidrap,North,Indonesia,1/11/2024 11:38
384,10,1,10,4,7510.484687,167.5204274,Equipment 10,Turbine,Coal,35.5890588,0.509945836,23.29980525,83.96999695,2.68866794,PLTS Likupang,West,Indonesia,1/1/2024 16:20
385,10,1,4,4,4310.674148,238.7338554,Equipment 10,Turbine,Coal,35.5890588,0.509945836,27.77553276,78.22146849,9.084799811,PLTS Likupang,West,Indonesia,1/4/2024 5:15
386,4,3,6,4,3569.200076,272.2120458,Equipment 4,Generator,Petroleum Liquids,34.67405246,0.628844464,20.32508908,72.41906487,14.73445605,PLTS Likupang,West,Indonesia,1/11/2024 15:48
387,7,4,4,5,5984.688454,80.10146347,Equipment 7,Boiler,Biomass,19.34249343,0.51559958,27.77553276,78.22146849,9.084799811,PLTB Sidrap,North,Indonesia,1/30/2024 4:26
388,6,1,6,1,2043.866296,496.3984341,Equipment 6,Generator,Coal,35.5890588,0.509945836,20.32508908,72.41906487,14.73445605,PLTU Suralaya,North,Indonesia,1/17/2024 0:56
389,10,2,6,5,2375.22813,83.52236388,Equipment 10,Turbine,Natural Gas,30.35209643,0.733159032,20.32508908,72.41906487,14.73445605,PLTB Sidrap,North,Indonesia,1/28/2024 2:58
390,3,5,1,4,1027.484579,346.0120114,Equipment 3,Turbine,Solar,23.32359987,0.62596753,33.1822624,63.08759283,3.019839462,PLTS Likupang,West,Indonesia,1/13/2024 3:40
391,8,3,5,5,8902.99759,497.8940419,Equipment 8,Turbine,Petroleum Liquids,34.67405246,0.628844464,24.88234534,72.41216997,12.69451753,PLTB Sidrap,North,Indonesia,1/28/2024 14:09
392,5,4,6,1,4872.010749,196.5059635,Equipment 5,Turbine,Biomass,19.34249343,0.51559958,20.32508908,72.41906487,14.73445605,PLTU Suralaya,North,Indonesia,1/13/2024 7:25
393,10,5,8,2,5035.769036,97.21909988,Equipment 10,Turbine,Solar,23.32359987,0.62596753,28.36380726,53.05013149,2.564092111,PLTA Cirata,West,Indonesia,1/5/2024 16:06
394,7,3,8,1,4987.423339,253.1877567,Equipment 7,Boiler,Petroleum Liquids,34.67405246,0.628844464,28.36380726,53.05013149,2.564092111,PLTU Suralaya,North,Indonesia,1/13/2024 15:00
395,3,4,9,2,1225.898886,245.2830483,Equipment 3,Turbine,Biomass,19.34249343,0.51559958,25.25744984,43.77656014,10.59464173,PLTA Cirata,West,Indonesia,1/18/2024 18:36
396,2,2,10,5,9381.920857,272.1784618,Equipment 2,Generator,Natural Gas,30.35209643,0.733159032,23.29980525,83.96999695,2.68866794,PLTB Sidrap,North,Indonesia,1/6/2024 17:34
397,4,2,5,2,4266.939827,219.2566647,Equipment 4,Generator,Natural Gas,30.35209643,0.733159032,24.88234534,72.41216997,12.69451753,PLTA Cirata,West,Indonesia,1/17/2024 0:58
398,8,1,7,2,4624.61724,289.1050891,Equipment 8,Turbine,Coal,35.5890588,0.509945836,20.44543734,46.63589773,4.505493737,PLTA Cirata,West,Indonesia,1/22/2024 17:57
399,6,1,4,1,9149.158743,375.5355954,Equipment 6,Generator,Coal,35.5890588,0.509945836,27.77553276,78.22146849,9.084799811,PLTU Suralaya,North,Indonesia,1/10/2024 7:08
400,5,4,4,1,7058.477163,161.9302702,Equipment 5,Turbine,Biomass,19.34249343,0.51559958,27.77553276,78.22146849,9.084799811,PLTU Suralaya,North,Indonesia,1/17/2024 23:41
401,5,4,5,3,7553.245421,152.932896,Equipment 5,Turbine,Biomass,19.34249343,0.51559958,24.88234534,72.41216997,12.69451753,PLTG Muara Karang,West,Indonesia,1/21/2024 17:16
402,9,3,6,5,1931.674059,204.7972966,Equipment 9,Turbine,Petroleum Liquids,34.67405246,0.628844464,20.32508908,72.41906487,14.73445605,PLTB Sidrap,North,Indonesia,1/22/2024 23:53
403,7,2,6,5,7153.225028,133.5790802,Equipment 7,Boiler,Natural Gas,30.35209643,0.733159032,20.32508908,72.41906487,14.73445605,PLTB Sidrap,North,Indonesia,1/8/2024 19:51
404,8,2,5,4,7752.526426,120.8576074,Equipment 8,Turbine,Natural Gas,30.35209643,0.733159032,24.88234534,72.41216997,12.69451753,PLTS Likupang,West,Indonesia,1/5/2024 8:03
405,9,4,9,1,7710.769644,98.4344034,Equipment 9,Turbine,Biomass,19.34249343,0.51559958,25.25744984,43.77656014,10.59464173,PLTU Suralaya,North,Indonesia,1/27/2024 20:33
406,7,3,9,4,6876.768335,176.4120224,Equipment 7,Boiler,Petroleum Liquids,34.67405246,0.628844464,25.25744984,43.77656014,10.59464173,PLTS Likupang,West,Indonesia,1/2/2024 21:12
407,3,2,1,1,1420.43025,144.340878,Equipment 3,Turbine,Natural Gas,30.35209643,0.733159032,33.1822624,63.08759283,3.019839462,PLTU Suralaya,North,Indonesia,1/3/2024 20:34
408,3,4,4,1,1499.994238,261.4723475,Equipment 3,Turbine,Biomass,19.34249343,0.51559958,27.77553276,78.22146849,9.084799811,PLTU Suralaya,North,Indonesia,1/6/2024 18:27
409,8,4,5,4,4766.334532,287.7301454,Equipment 8,Turbine,Biomass,19.34249343,0.51559958,24.88234534,72.41216997,12.69451753,PLTS Likupang,West,Indonesia,1/5/2024 0:53
410,8,4,8,1,8588.192854,91.49397023,Equipment 8,Turbine,Biomass,19.34249343,0.51559958,28.36380726,53.05013149,2.564092111,PLTU Suralaya,North,Indonesia,1/28/2024 13:50
411,9,3,7,2,5806.015982,367.9719884,Equipment 9,Turbine,Petroleum Liquids,34.67405246,0.628844464,20.44543734,46.63589773,4.505493737,PLTA Cirata,West,Indonesia,1/28/2024 11:42
412,10,5,2,5,6483.174275,114.9113836,Equipment 10,Turbine,Solar,23.32359987,0.62596753,33.02295257,64.36260254,12.84336443,PLTB Sidrap,North,Indonesia,1/16/2024 18:14
413,1,5,8,1,7745.685676,241.1925352,Equipment 1,Generator,Solar,23.32359987,0.62596753,28.36380726,53.05013149,2.564092111,PLTU Suralaya,North,Indonesia,1/12/2024 12:26
414,9,5,6,5,5464.466996,184.9259153,Equipment 9,Turbine,Solar,23.32359987,0.62596753,20.32508908,72.41906487,14.73445605,PLTB Sidrap,North,Indonesia,1/5/2024 16:57
415,1,1,7,2,4422.977173,381.0057541,Equipment 1,Generator,Coal,35.5890588,0.509945836,20.44543734,46.63589773,4.505493737,PLTA Cirata,West,Indonesia,1/6/2024 11:30
416,9,1,2,2,7527.826476,391.7689625,Equipment 9,Turbine,Coal,35.5890588,0.509945836,33.02295257,64.36260254,12.84336443,PLTA Cirata,West,Indonesia,1/15/2024 7:49
417,5,2,6,1,6606.252431,453.9448095,Equipment 5,Turbine,Natural Gas,30.35209643,0.733159032,20.32508908,72.41906487,14.73445605,PLTU Suralaya,North,Indonesia,1/25/2024 13:39
418,2,2,4,1,8551.770242,251.2181494,Equipment 2,Generator,Natural Gas,30.35209643,0.733159032,27.77553276,78.22146849,9.084799811,PLTU Suralaya,North,Indonesia,1/5/2024 1:56
419,3,2,3,3,7543.56372,127.1903876,Equipment 3,Turbine,Natural Gas,30.35209643,0.733159032,28.47191247,58.94954615,1.81848381,PLTG Muara Karang,West,Indonesia,1/30/2024 23:25
420,6,5,2,1,7211.826413,312.9033771,Equipment 6,Generator,Solar,23.32359987,0.62596753,33.02295257,64.36260254,12.84336443,PLTU Suralaya,North,Indonesia,1/4/2024 6:01
421,10,5,5,2,5184.539931,322.0452764,Equipment 10,Turbine,Solar,23.32359987,0.62596753,24.88234534,72.41216997,12.69451753,PLTA Cirata,West,Indonesia,1/21/2024 3:56
422,6,5,9,2,4592.409685,247.417781,Equipment 6,Generator,Solar,23.32359987,0.62596753,25.25744984,43.77656014,10.59464173,PLTA Cirata,West,Indonesia,1/15/2024 8:03
423,7,2,6,2,4637.389032,161.8818797,Equipment 7,Boiler,Natural Gas,30.35209643,0.733159032,20.32508908,72.41906487,14.73445605,PLTA Cirata,West,Indonesia,1/13/2024 9:35
424,10,4,3,3,5977.91228,279.0154839,Equipment 10,Turbine,Biomass,19.34249343,0.51559958,28.47191247,58.94954615,1.81848381,PLTG Muara Karang,West,Indonesia,1/18/2024 20:42
425,2,2,7,4,2544.55788,370.9439238,Equipment 2,Generator,Natural Gas,30.35209643,0.733159032,20.44543734,46.63589773,4.505493737,PLTS Likupang,West,Indonesia,1/8/2024 12:39
426,5,3,3,1,5678.282225,355.413687,Equipment 5,Turbine,Petroleum Liquids,34.67405246,0.628844464,28.47191247,58.94954615,1.81848381,PLTU Suralaya,North,Indonesia,1/27/2024 4:39
427,2,5,3,4,8184.793839,375.9014182,Equipment 2,Generator,Solar,23.32359987,0.62596753,28.47191247,58.94954615,1.81848381,PLTS Likupang,West,Indonesia,1/8/2024 6:28
428,5,1,4,1,4881.082463,272.2297275,Equipment 5,Turbine,Coal,35.5890588,0.509945836,27.77553276,78.22146849,9.084799811,PLTU Suralaya,North,Indonesia,1/26/2024 0:51
429,6,2,3,2,2939.43751,497.5521225,Equipment 6,Generator,Natural Gas,30.35209643,0.733159032,28.47191247,58.94954615,1.81848381,PLTA Cirata,West,Indonesia,1/7/2024 12:04
430,2,5,7,1,9194.054472,68.186574,Equipment 2,Generator,Solar,23.32359987,0.62596753,20.44543734,46.63589773,4.505493737,PLTU Suralaya,North,Indonesia,1/25/2024 4:38
431,8,1,1,5,1816.347166,61.77177785,Equipment 8,Turbine,Coal,35.5890588,0.509945836,33.1822624,63.08759283,3.019839462,PLTB Sidrap,North,Indonesia,1/27/2024 19:22
432,4,4,2,5,8945.586399,194.3927012,Equipment 4,Generator,Biomass,19.34249343,0.51559958,33.02295257,64.36260254,12.84336443,PLTB Sidrap,North,Indonesia,1/19/2024 19:07
433,8,5,1,3,7834.036231,498.095836,Equipment 8,Turbine,Solar,23.32359987,0.62596753,33.1822624,63.08759283,3.019839462,PLTG Muara Karang,West,Indonesia,1/13/2024 9:42
434,6,1,10,3,6711.063644,191.2642154,Equipment 6,Generator,Coal,35.5890588,0.509945836,23.29980525,83.96999695,2.68866794,PLTG Muara Karang,West,Indonesia,1/22/2024 22:32
435,2,3,2,4,1002.483296,415.1150254,Equipment 2,Generator,Petroleum Liquids,34.67405246,0.628844464,33.02295257,64.36260254,12.84336443,PLTS Likupang,West,Indonesia,1/29/2024 23:52
436,9,2,6,5,3200.674984,293.4294411,Equipment 9,Turbine,Natural Gas,30.35209643,0.733159032,20.32508908,72.41906487,14.73445605,PLTB Sidrap,North,Indonesia,1/5/2024 19:53
437,3,2,1,5,4164.176071,375.8682414,Equipment 3,Turbine,Natural Gas,30.35209643,0.733159032,33.1822624,63.08759283,3.019839462,PLTB Sidrap,North,Indonesia,1/3/2024 10:13
438,5,4,10,4,7471.166176,182.4736831,Equipment 5,Turbine,Biomass,19.34249343,0.51559958,23.29980525,83.96999695,2.68866794,PLTS Likupang,West,Indonesia,1/21/2024 16:34
439,3,4,7,1,2909.491941,57.66400501,Equipment 3,Turbine,Biomass,19.34249343,0.51559958,20.44543734,46.63589773,4.505493737,PLTU Suralaya,North,Indonesia,1/11/2024 1:40
440,3,4,4,5,1751.408454,356.3153086,Equipment 3,Turbine,Biomass,19.34249343,0.51559958,27.77553276,78.22146849,9.084799811,PLTB Sidrap,North,Indonesia,1/23/2024 3:21
441,6,4,9,1,4503.171569,127.338295,Equipment 6,Generator,Biomass,19.34249343,0.51559958,25.25744984,43.77656014,10.59464173,PLTU Suralaya,North,Indonesia,1/8/2024 1:34
442,10,5,8,4,9298.638786,231.3362787,Equipment 10,Turbine,Solar,23.32359987,0.62596753,28.36380726,53.05013149,2.564092111,PLTS Likupang,West,Indonesia,1/22/2024 6:34
443,1,2,4,3,1630.858385,192.1311744,Equipment 1,Generator,Natural Gas,30.35209643,0.733159032,27.77553276,78.22146849,9.084799811,PLTG Muara Karang,West,Indonesia,1/24/2024 22:32
444,5,1,4,4,6986.906628,350.1427535,Equipment 5,Turbine,Coal,35.5890588,0.509945836,27.77553276,78.22146849,9.084799811,PLTS Likupang,West,Indonesia,1/25/2024 13:28
445,4,2,4,4,1329.938757,121.2785881,Equipment 4,Generator,Natural Gas,30.35209643,0.733159032,27.77553276,78.22146849,9.084799811,PLTS Likupang,West,Indonesia,1/8/2024 11:09
446,9,2,4,3,4630.767026,190.8792069,Equipment 9,Turbine,Natural Gas,30.35209643,0.733159032,27.77553276,78.22146849,9.084799811,PLTG Muara Karang,West,Indonesia,1/28/2024 21:56
447,5,3,6,2,6669.672378,66.32732857,Equipment 5,Turbine,Petroleum Liquids,34.67405246,0.628844464,20.32508908,72.41906487,14.73445605,PLTA Cirata,West,Indonesia,1/25/2024 9:29
448,6,4,7,1,2100.132574,59.90556694,Equipment 6,Generator,Biomass,19.34249343,0.51559958,20.44543734,46.63589773,4.505493737,PLTU Suralaya,North,Indonesia,1/2/2024 7:36
449,9,4,5,5,1054.502603,174.2245768,Equipment 9,Turbine,Biomass,19.34249343,0.51559958,24.88234534,72.41216997,12.69451753,PLTB Sidrap,North,Indonesia,1/11/2024 15:07
450,7,2,4,2,1764.755965,462.1922433,Equipment 7,Boiler,Natural Gas,30.35209643,0.733159032,27.77553276,78.22146849,9.084799811,PLTA Cirata,West,Indonesia,1/9/2024 7:58
451,7,4,10,4,1376.469537,329.1949406,Equipment 7,Boiler,Biomass,19.34249343,0.51559958,23.29980525,83.96999695,2.68866794,PLTS Likupang,West,Indonesia,1/6/2024 8:14
452,8,2,4,2,8079.348308,98.30388117,Equipment 8,Turbine,Natural Gas,30.35209643,0.733159032,27.77553276,78.22146849,9.084799811,PLTA Cirata,West,Indonesia,1/23/2024 17:01
453,10,3,7,1,9785.354796,356.2215026,Equipment 10,Turbine,Petroleum Liquids,34.67405246,0.628844464,20.44543734,46.63589773,4.505493737,PLTU Suralaya,North,Indonesia,1/18/2024 16:48
454,9,5,6,3,7339.977727,126.9850922,Equipment 9,Turbine,Solar,23.32359987,0.62596753,20.32508908,72.41906487,14.73445605,PLTG Muara Karang,West,Indonesia,1/5/2024 17:11
455,3,2,6,3,3461.376874,489.9511475,Equipment 3,Turbine,Natural Gas,30.35209643,0.733159032,20.32508908,72.41906487,14.73445605,PLTG Muara Karang,West,Indonesia,1/19/2024 20:45
456,2,2,5,2,8684.293702,457.8037186,Equipment 2,Generator,Natural Gas,30.35209643,0.733159032,24.88234534,72.41216997,12.69451753,PLTA Cirata,West,Indonesia,1/26/2024 11:52
457,3,3,3,4,5533.079866,483.5773173,Equipment 3,Turbine,Petroleum Liquids,34.67405246,0.628844464,28.47191247,58.94954615,1.81848381,PLTS Likupang,West,Indonesia,1/10/2024 3:09
458,5,1,6,3,1232.419487,355.71011,Equipment 5,Turbine,Coal,35.5890588,0.509945836,20.32508908,72.41906487,14.73445605,PLTG Muara Karang,West,Indonesia,1/1/2024 15:32
459,9,4,4,2,3979.013204,478.5072835,Equipment 9,Turbine,Biomass,19.34249343,0.51559958,27.77553276,78.22146849,9.084799811,PLTA Cirata,West,Indonesia,1/17/2024 4:47
460,6,5,10,2,5834.652847,151.1701264,Equipment 6,Generator,Solar,23.32359987,0.62596753,23.29980525,83.96999695,2.68866794,PLTA Cirata,West,Indonesia,1/26/2024 0:28
461,1,3,3,5,6521.930906,196.954497,Equipment 1,Generator,Petroleum Liquids,34.67405246,0.628844464,28.47191247,58.94954615,1.81848381,PLTB Sidrap,North,Indonesia,1/30/2024 14:00
462,3,3,5,5,4337.876864,363.9764815,Equipment 3,Turbine,Petroleum Liquids,34.67405246,0.628844464,24.88234534,72.41216997,12.69451753,PLTB Sidrap,North,Indonesia,1/28/2024 19:10
463,5,5,9,3,3561.815058,453.461632,Equipment 5,Turbine,Solar,23.32359987,0.62596753,25.25744984,43.77656014,10.59464173,PLTG Muara Karang,West,Indonesia,1/4/2024 15:44
464,3,1,1,1,9030.052921,127.502637,Equipment 3,Turbine,Coal,35.5890588,0.509945836,33.1822624,63.08759283,3.019839462,PLTU Suralaya,North,Indonesia,1/26/2024 19:30
465,1,3,1,4,4977.323773,400.0668667,Equipment 1,Generator,Petroleum Liquids,34.67405246,0.628844464,33.1822624,63.08759283,3.019839462,PLTS Likupang,West,Indonesia,1/14/2024 16:29
466,8,4,1,2,3953.913595,196.3412497,Equipment 8,Turbine,Biomass,19.34249343,0.51559958,33.1822624,63.08759283,3.019839462,PLTA Cirata,West,Indonesia,1/1/2024 16:42
467,4,3,6,5,7734.720603,433.1192768,Equipment 4,Generator,Petroleum Liquids,34.67405246,0.628844464,20.32508908,72.41906487,14.73445605,PLTB Sidrap,North,Indonesia,1/25/2024 18:43
468,2,2,5,5,5966.563127,191.1705698,Equipment 2,Generator,Natural Gas,30.35209643,0.733159032,24.88234534,72.41216997,12.69451753,PLTB Sidrap,North,Indonesia,1/27/2024 17:21
469,6,4,9,5,4131.089825,251.442294,Equipment 6,Generator,Biomass,19.34249343,0.51559958,25.25744984,43.77656014,10.59464173,PLTB Sidrap,North,Indonesia,1/30/2024 1:08
470,10,2,2,1,6386.680908,101.2568497,Equipment 10,Turbine,Natural Gas,30.35209643,0.733159032,33.02295257,64.36260254,12.84336443,PLTU Suralaya,North,Indonesia,1/5/2024 13:57
471,5,3,7,4,2430.34483,326.0136364,Equipment 5,Turbine,Petroleum Liquids,34.67405246,0.628844464,20.44543734,46.63589773,4.505493737,PLTS Likupang,West,Indonesia,1/28/2024 8:24
472,1,4,8,3,2791.906495,280.5902033,Equipment 1,Generator,Biomass,19.34249343,0.51559958,28.36380726,53.05013149,2.564092111,PLTG Muara Karang,West,Indonesia,1/11/2024 19:59
473,6,2,7,4,2818.655554,402.579878,Equipment 6,Generator,Natural Gas,30.35209643,0.733159032,20.44543734,46.63589773,4.505493737,PLTS Likupang,West,Indonesia,1/25/2024 2:23
474,2,5,7,2,7546.350038,470.3880771,Equipment 2,Generator,Solar,23.32359987,0.62596753,20.44543734,46.63589773,4.505493737,PLTA Cirata,West,Indonesia,1/24/2024 10:23
475,3,2,4,5,8653.213734,395.6324971,Equipment 3,Turbine,Natural Gas,30.35209643,0.733159032,27.77553276,78.22146849,9.084799811,PLTB Sidrap,North,Indonesia,1/17/2024 0:13
476,1,1,3,5,8938.697997,247.2712694,Equipment 1,Generator,Coal,35.5890588,0.509945836,28.47191247,58.94954615,1.81848381,PLTB Sidrap,North,Indonesia,1/18/2024 8:06
477,10,4,8,4,3200.912392,449.0620866,Equipment 10,Turbine,Biomass,19.34249343,0.51559958,28.36380726,53.05013149,2.564092111,PLTS Likupang,West,Indonesia,1/13/2024 0:01
478,8,1,4,1,1481.657435,477.1030745,Equipment 8,Turbine,Coal,35.5890588,0.509945836,27.77553276,78.22146849,9.084799811,PLTU Suralaya,North,Indonesia,1/17/2024 19:13
479,2,3,5,5,1362.2592,223.4478943,Equipment 2,Generator,Petroleum Liquids,34.67405246,0.628844464,24.88234534,72.41216997,12.69451753,PLTB Sidrap,North,Indonesia,1/22/2024 23:11
480,8,4,2,2,1080.508301,334.8151332,Equipment 8,Turbine,Biomass,19.34249343,0.51559958,33.02295257,64.36260254,12.84336443,PLTA Cirata,West,Indonesia,1/24/2024 2:27
481,7,3,6,5,6372.606477,150.9049536,Equipment 7,Boiler,Petroleum Liquids,34.67405246,0.628844464,20.32508908,72.41906487,14.73445605,PLTB Sidrap,North,Indonesia,1/27/2024 14:51
482,6,1,10,3,4123.995833,213.7823235,Equipment 6,Generator,Coal,35.5890588,0.509945836,23.29980525,83.96999695,2.68866794,PLTG Muara Karang,West,Indonesia,1/2/2024 12:16
483,6,1,9,3,9454.619904,176.2168216,Equipment 6,Generator,Coal,35.5890588,0.509945836,25.25744984,43.77656014,10.59464173,PLTG Muara Karang,West,Indonesia,1/16/2024 0:51
484,4,4,6,4,6595.137458,344.58185,Equipment 4,Generator,Biomass,19.34249343,0.51559958,20.32508908,72.41906487,14.73445605,PLTS Likupang,West,Indonesia,1/17/2024 22:02
485,1,3,7,5,7023.953333,392.3059804,Equipment 1,Generator,Petroleum Liquids,34.67405246,0.628844464,20.44543734,46.63589773,4.505493737,PLTB Sidrap,North,Indonesia,1/5/2024 17:19
486,4,5,1,2,3966.294168,344.9132472,Equipment 4,Generator,Solar,23.32359987,0.62596753,33.1822624,63.08759283,3.019839462,PLTA Cirata,West,Indonesia,1/27/2024 6:20
487,4,4,9,2,5849.88713,291.0920949,Equipment 4,Generator,Biomass,19.34249343,0.51559958,25.25744984,43.77656014,10.59464173,PLTA Cirata,West,Indonesia,1/3/2024 11:37
488,1,5,2,5,2067.417968,282.1731794,Equipment 1,Generator,Solar,23.32359987,0.62596753,33.02295257,64.36260254,12.84336443,PLTB Sidrap,North,Indonesia,1/20/2024 2:31
489,3,2,9,4,4068.315963,180.3404928,Equipment 3,Turbine,Natural Gas,30.35209643,0.733159032,25.25744984,43.77656014,10.59464173,PLTS Likupang,West,Indonesia,1/10/2024 21:32
490,8,1,6,2,8732.015588,401.8919929,Equipment 8,Turbine,Coal,35.5890588,0.509945836,20.32508908,72.41906487,14.73445605,PLTA Cirata,West,Indonesia,1/23/2024 11:32
491,10,5,6,3,4069.327641,454.074744,Equipment 10,Turbine,Solar,23.32359987,0.62596753,20.32508908,72.41906487,14.73445605,PLTG Muara Karang,West,Indonesia,1/14/2024 19:59
492,7,1,8,2,7566.862963,149.5399323,Equipment 7,Boiler,Coal,35.5890588,0.509945836,28.36380726,53.05013149,2.564092111,PLTA Cirata,West,Indonesia,1/30/2024 17:57
493,1,2,1,4,6258.080345,55.8821811,Equipment 1,Generator,Natural Gas,30.35209643,0.733159032,33.1822624,63.08759283,3.019839462,PLTS Likupang,West,Indonesia,1/22/2024 3:02
494,1,1,1,3,2489.252321,490.9902046,Equipment 1,Generator,Coal,35.5890588,0.509945836,33.1822624,63.08759283,3.019839462,PLTG Muara Karang,West,Indonesia,1/9/2024 15:32
495,1,3,2,2,7846.214957,353.3879635,Equipment 1,Generator,Petroleum Liquids,34.67405246,0.628844464,33.02295257,64.36260254,12.84336443,PLTA Cirata,West,Indonesia,1/27/2024 2:54
496,5,1,3,1,7214.996559,321.6394478,Equipment 5,Turbine,Coal,35.5890588,0.509945836,28.47191247,58.94954615,1.81848381,PLTU Suralaya,North,Indonesia,1/21/2024 21:52
497,1,2,7,5,4265.769657,408.8083979,Equipment 1,Generator,Natural Gas,30.35209643,0.733159032,20.44543734,46.63589773,4.505493737,PLTB Sidrap,North,Indonesia,1/10/2024 18:47
498,3,4,9,4,9827.160489,253.1698004,Equipment 3,Turbine,Biomass,19.34249343,0.51559958,25.25744984,43.77656014,10.59464173,PLTS Likupang,West,Indonesia,1/13/2024 18:12
499,5,4,4,4,6496.349299,495.8858005,Equipment 5,Turbine,Biomass,19.34249343,0.51559958,27.77553276,78.22146849,9.084799811,PLTS Likupang,West,Indonesia,1/9/2024 23:07
500,2,4,3,2,3761.755427,166.3476848,Equipment 2,Generator,Biomass,19.34249343,0.51559958,28.47191247,58.94954615,1.81848381,PLTA Cirata,West,Indonesia,1/30/2024 14:44
